# x_m,y_m,w_tr_right_m,w_tr_left_m
338.387849,17179.930292,70.362,69.638
340.733838,17155.049697,70.363,69.637
343.096025,17130.170659,70.364,69.636
345.473310,17105.293073,70.365,69.635
347.864594,17080.416831,70.366,69.634
350.268778,17055.541829,70.367,69.633
352.684761,17030.667960,70.368,69.632
355.111445,17005.795120,70.369,69.631
357.547730,16980.923201,70.370,69.630
359.992517,16956.052098,70.371,69.629
362.444705,16931.181705,70.372,69.628
364.903197,16906.311917,70.373,69.627
367.366891,16881.442627,70.374,69.626
369.834690,16856.573730,70.375,69.625
372.305492,16831.705120,70.376,69.624
374.778200,16806.836691,70.377,69.623
377.251712,16781.968338,70.379,69.621
379.724931,16757.099954,70.380,69.620
382.196756,16732.231433,70.381,69.619
384.666194,16707.362680,70.382,69.618
387.133049,16682.493677,70.383,69.617
389.597490,16657.624439,70.384,69.616
392.059688,16632.754984,70.385,69.615
394.519812,16607.885326,70.386,69.614
396.978035,16583.015484,70.387,69.613
399.434527,16558.145473,70.388,69.612
401.889457,16533.275310,70.389,69.611
404.342997,16508.405011,70.390,69.610
406.795318,16483.534594,70.391,69.609
409.246590,16458.664074,70.392,69.608
411.696984,16433.793467,70.393,69.607
414.146671,16408.922792,70.394,69.606
416.595820,16384.052063,70.395,69.605
419.044603,16359.181297,70.396,69.604
421.493191,16334.310511,70.397,69.603
423.941753,16309.439722,70.398,69.602
426.390461,16284.568945,70.399,69.601
428.839480,16259.698197,70.400,69.600
431.288877,16234.827485,70.401,69.599
433.738645,16209.956807,70.402,69.598
436.188772,16185.086163,70.403,69.597
438.639250,16160.215552,70.404,69.596
441.090067,16135.344973,70.405,69.595
443.541213,16110.474425,70.406,69.594
445.992678,16085.603907,70.407,69.593
448.444452,16060.733419,70.408,69.592
450.896524,16035.862959,70.409,69.591
453.348883,16010.992527,70.410,69.590
455.801521,15986.122122,70.411,69.589
458.254426,15961.251742,70.412,69.588
460.707587,15936.381387,70.413,69.587
463.160996,15911.511056,70.414,69.586
465.614641,15886.640749,70.415,69.585
468.068512,15861.770464,70.416,69.584
470.522598,15836.900200,70.417,69.583
472.976890,15812.029956,70.418,69.582
475.431377,15787.159733,70.419,69.581
477.886049,15762.289527,70.421,69.579
480.340896,15737.419340,70.422,69.578
482.795906,15712.549170,70.423,69.577
485.251071,15687.679015,70.424,69.576
487.706379,15662.808876,70.425,69.575
490.161820,15637.938751,70.426,69.574
492.617384,15613.068639,70.427,69.573
495.073061,15588.198540,70.428,69.572
497.528840,15563.328453,70.429,69.571
499.984711,15538.458376,70.430,69.570
502.440664,15513.588309,70.431,69.569
504.896688,15488.718251,70.432,69.568
507.352773,15463.848201,70.433,69.567
509.808909,15438.978158,70.434,69.566
512.265085,15414.108121,70.435,69.565
514.721291,15389.238090,70.436,69.564
517.177517,15364.368063,70.437,69.563
519.633750,15339.498039,70.438,69.562
522.089971,15314.628016,70.439,69.561
524.546165,15289.757993,70.440,69.560
527.002312,15264.887966,70.441,69.559
529.458395,15240.017934,70.442,69.558
531.914397,15215.147895,70.443,69.557
534.370301,15190.277847,70.444,69.556
536.826088,15165.407788,70.445,69.555
539.281740,15140.537715,70.446,69.554
541.737242,15115.667627,70.447,69.553
544.192574,15090.797521,70.448,69.552
546.647719,15065.927396,70.449,69.551
549.102659,15041.057250,70.450,69.550
551.557378,15016.187079,70.451,69.549
554.011857,14991.316883,70.452,69.548
556.466079,14966.446660,70.453,69.547
558.920025,14941.576406,70.454,69.546
561.373680,14916.706121,70.455,69.545
563.827024,14891.835802,70.456,69.544
566.280041,14866.965447,70.457,69.543
568.732712,14842.095054,70.458,69.542
571.185021,14817.224620,70.459,69.541
573.636949,14792.354145,70.460,69.540
576.088480,14767.483625,70.461,69.539
578.539594,14742.613059,70.462,69.538
580.990275,14717.742445,70.464,69.536
583.440506,14692.871780,70.465,69.535
585.890268,14668.001063,70.466,69.534
588.339544,14643.130292,70.467,69.533
590.788316,14618.259464,70.468,69.532
593.236568,14593.388577,70.469,69.531
595.684280,14568.517630,70.470,69.530
598.131436,14543.646620,70.471,69.529
600.578018,14518.775545,70.472,69.528
603.024008,14493.904403,70.473,69.527
605.469390,14469.033192,70.474,69.526
607.914408,14444.161940,70.475,69.525
610.359960,14419.290743,70.476,69.524
612.807043,14394.419713,70.477,69.523
615.256654,14369.548957,70.478,69.522
617.709791,14344.678585,70.479,69.521
620.167451,14319.808707,70.480,69.520
622.630630,14294.939432,70.481,69.519
625.100327,14270.070870,70.482,69.518
627.577538,14245.203128,70.483,69.517
630.064074,14220.336405,70.484,69.516
632.565435,14195.471296,70.485,69.515
635.088170,14170.608506,70.486,69.514
637.638828,14145.748744,70.487,69.513
640.223957,14120.892718,70.488,69.512
642.850105,14096.041134,70.484,69.516
645.523822,14071.194700,70.454,69.546
648.251655,14046.354123,70.424,69.576
651.040153,14021.520111,70.395,69.605
653.893207,13996.693085,70.365,69.635
656.802515,13971.872146,70.335,69.665
659.756279,13947.056021,70.305,69.695
662.742706,13922.243437,70.275,69.725
665.749998,13897.433119,70.246,69.754
668.766361,13872.623792,70.216,69.784
671.779997,13847.814183,70.186,69.814
674.779112,13823.003018,70.156,69.844
677.751909,13798.189022,70.127,69.873
680.689626,13773.371248,70.097,69.903
683.597545,13748.550259,70.067,69.933
686.485013,13723.727056,70.037,69.963
689.361376,13698.902641,70.007,69.993
692.235981,13674.078013,69.978,70.022
695.118175,13649.254175,69.948,70.052
698.017305,13624.432126,69.918,70.082
700.942717,13599.612868,69.888,70.112
703.903758,13574.797402,69.858,70.142
706.903148,13549.986030,69.829,70.171
709.912623,13525.175791,69.799,70.201
712.894868,13500.362771,69.769,70.231
715.812565,13475.543054,69.739,70.261
718.628255,13450.712714,69.710,70.290
721.296595,13425.867176,69.680,70.320
723.760439,13401.000894,69.684,70.316
725.987860,13376.110845,69.692,70.308
728.070308,13351.206265,69.700,70.300
730.126608,13326.299098,69.708,70.292
732.196504,13301.393336,69.716,70.284
734.278427,13276.488814,69.725,70.275
736.370445,13251.585331,69.733,70.267
738.470628,13226.682689,69.741,70.259
740.577045,13201.780685,69.749,70.251
742.687767,13176.879121,69.757,70.243
744.800862,13151.977795,69.765,70.235
746.914401,13127.076507,69.774,70.226
749.026594,13102.175072,69.782,70.218
751.136925,13077.273436,69.790,70.210
753.245547,13052.371616,69.798,70.202
755.352620,13027.469628,69.806,70.194
757.458302,13002.567489,69.814,70.186
759.562753,12977.665215,69.823,70.177
761.666132,12952.762825,69.831,70.169
763.768598,12927.860334,69.839,70.161
765.870310,12902.957759,69.847,70.153
767.971428,12878.055117,69.855,70.145
770.072111,12853.152426,69.864,70.136
772.172518,12828.249701,69.872,70.128
774.272808,12803.346960,69.880,70.120
776.373140,12778.444219,69.888,70.112
778.473675,12753.541496,69.896,70.104
780.574570,12728.638807,69.904,70.096
782.675985,12703.736168,69.913,70.087
784.778080,12678.833598,69.921,70.079
786.881001,12653.931111,69.929,70.071
788.984785,12629.028711,69.937,70.063
791.089410,12604.126395,69.945,70.055
793.194851,12579.224161,69.953,70.047
795.301085,12554.322007,69.962,70.038
797.408090,12529.419930,69.970,70.030
799.515841,12504.517927,69.978,70.022
801.624316,12479.615995,69.986,70.014
803.733490,12454.714133,69.994,70.006
805.843341,12429.812337,70.002,69.998
807.953845,12404.910605,70.011,69.989
810.064979,12380.008935,70.019,69.981
812.176719,12355.107323,70.027,69.973
814.289043,12330.205768,70.035,69.965
816.401925,12305.304266,70.043,69.957
818.515344,12280.402815,70.052,69.948
820.629276,12255.501412,70.053,69.947
822.743697,12230.600056,70.048,69.952
824.858584,12205.698742,70.043,69.957
826.973914,12180.797470,70.038,69.962
829.089663,12155.896235,70.032,69.968
831.205808,12130.995036,70.027,69.973
833.322325,12106.093870,70.022,69.978
835.439192,12081.192735,70.017,69.983
837.556384,12056.291627,70.012,69.988
839.673879,12031.390544,70.007,69.993
841.791652,12006.489484,70.002,69.998
843.909682,11981.588445,69.997,70.003
846.027943,11956.687422,69.992,70.008
848.146413,11931.786415,69.987,70.013
850.265069,11906.885420,69.982,70.018
852.383887,11881.984434,69.977,70.023
854.502843,11857.083456,69.972,70.028
856.621914,11832.182482,69.966,70.034
858.741078,11807.281511,69.961,70.039
860.860310,11782.380538,69.956,70.044
862.979587,11757.479563,69.951,70.049
865.098899,11732.578583,69.949,70.051
867.218244,11707.677600,69.963,70.037
869.337620,11682.776612,69.976,70.024
871.457028,11657.875620,69.990,70.010
873.576467,11632.974625,70.003,69.997
875.695935,11608.073627,70.013,69.987
877.815433,11583.172625,70.012,69.988
879.934959,11558.271619,70.012,69.988
882.054513,11533.370611,70.011,69.989
884.174095,11508.469600,70.010,69.990
886.293702,11483.568586,70.010,69.990
888.413335,11458.667570,70.009,69.991
890.532993,11433.766551,70.009,69.991
892.652675,11408.865530,70.008,69.992
894.772381,11383.964507,70.007,69.993
896.892109,11359.063483,70.007,69.993
899.011859,11334.162456,70.006,69.994
901.131630,11309.261428,70.006,69.994
903.251423,11284.360398,70.005,69.995
905.371234,11259.459368,70.004,69.996
907.491065,11234.558336,70.004,69.996
909.610915,11209.657303,70.003,69.997
911.730782,11184.756270,70.002,69.998
913.850665,11159.855236,70.002,69.998
915.970566,11134.954201,70.001,69.999
918.090481,11110.053166,70.001,69.999
920.210411,11085.152131,70.000,70.000
922.330356,11060.251096,69.999,70.001
924.450313,11035.350062,69.999,70.001
926.570284,11010.449027,69.998,70.002
928.690266,10985.547994,69.998,70.002
930.810259,10960.646961,69.997,70.003
932.930262,10935.745929,69.996,70.004
935.050276,10910.844897,69.996,70.004
937.170298,10885.943867,69.995,70.005
939.290329,10861.042839,69.995,70.005
941.410367,10836.141812,69.994,70.006
943.530411,10811.240786,69.993,70.007
945.650462,10786.339762,69.993,70.007
947.770519,10761.438741,69.992,70.008
949.890580,10736.537721,69.991,70.009
952.010644,10711.636704,69.991,70.009
954.130712,10686.735689,69.990,70.010
956.250783,10661.834677,69.990,70.010
958.370855,10636.933668,69.989,70.011
960.490928,10612.032662,69.988,70.012
962.611001,10587.131658,69.988,70.012
964.731074,10562.230658,69.987,70.013
966.851146,10537.329662,69.987,70.013
968.971216,10512.428669,69.986,70.014
971.091283,10487.527680,69.985,70.015
973.211347,10462.626695,69.985,70.015
975.331407,10437.725714,69.984,70.016
977.451462,10412.824737,69.983,70.017
979.571512,10387.923764,69.983,70.017
981.691556,10363.022796,69.982,70.018
983.811592,10338.121833,69.982,70.018
985.931621,10313.220875,69.981,70.019
988.051641,10288.319922,69.980,70.020
990.171652,10263.418974,69.980,70.020
992.291654,10238.518031,69.979,70.021
994.411645,10213.617094,69.979,70.021
996.531624,10188.716163,69.978,70.022
998.651592,10163.815237,69.977,70.023
1000.771547,10138.914318,69.977,70.023
1002.891488,10114.013404,69.976,70.024
1005.011415,10089.112497,69.976,70.024
1007.131327,10064.211597,69.975,70.025
1009.251224,10039.310703,69.974,70.026
1011.371104,10014.409816,69.974,70.026
1013.490967,9989.508936,69.973,70.027
1015.610813,9964.608063,69.972,70.028
1017.730640,9939.707198,69.972,70.028
1019.850451,9914.806339,69.971,70.029
1021.970246,9889.905486,69.971,70.029
1024.090029,9865.004639,69.970,70.030
1026.209800,9840.103796,69.969,70.031
1028.329560,9815.202959,69.969,70.031
1030.449313,9790.302125,69.968,70.032
1032.569058,9765.401295,69.968,70.032
1034.688799,9740.500467,69.967,70.033
1036.808536,9715.599642,69.966,70.034
1038.928271,9690.698819,69.966,70.034
1041.048007,9665.797997,69.965,70.035
1043.167744,9640.897175,69.964,70.036
1045.287484,9615.996354,69.964,70.036
1047.407229,9591.095532,69.963,70.037
1049.526980,9566.194710,69.963,70.037
1051.646740,9541.293885,69.962,70.038
1053.766510,9516.393059,69.961,70.039
1055.886291,9491.492230,69.961,70.039
1058.006085,9466.591398,69.960,70.040
1060.125894,9441.690562,69.960,70.040
1062.245720,9416.789722,69.959,70.041
1064.365564,9391.888877,69.958,70.042
1066.485427,9366.988027,69.958,70.042
1068.605312,9342.087171,69.957,70.043
1070.725220,9317.186308,69.957,70.043
1072.845153,9292.285439,69.956,70.044
1074.965112,9267.384561,69.955,70.045
1077.085099,9242.483676,69.955,70.045
1079.205116,9217.582782,69.954,70.046
1081.325165,9192.681879,69.953,70.047
1083.445246,9167.780966,69.953,70.047
1085.565362,9142.880043,69.952,70.048
1087.685515,9117.979109,69.952,70.048
1089.805705,9093.078164,69.951,70.049
1091.925935,9068.177206,69.950,70.050
1094.046207,9043.276237,69.950,70.050
1096.166521,9018.375254,69.949,70.051
1098.286880,8993.474257,69.949,70.051
1100.407286,8968.573247,69.948,70.052
1102.527739,8943.672222,69.947,70.053
1104.648242,8918.771181,69.947,70.053
1106.768796,8893.870125,69.946,70.054
1108.889403,8868.969053,69.945,70.055
1111.010064,8844.067963,69.945,70.055
1113.130782,8819.166856,69.944,70.056
1115.251558,8794.265732,69.944,70.056
1117.372393,8769.364588,69.943,70.057
1119.493289,8744.463426,69.942,70.058
1121.614249,8719.562244,69.942,70.058
1123.735272,8694.661042,69.941,70.059
1125.856362,8669.759819,69.941,70.059
1127.977520,8644.858575,69.940,70.060
1130.098747,8619.957309,69.939,70.061
1132.220045,8595.056021,69.939,70.061
1134.341416,8570.154710,69.938,70.062
1136.462862,8545.253376,69.938,70.062
1138.584383,8520.352017,69.937,70.063
1140.705983,8495.450634,69.936,70.064
1142.827661,8470.549226,69.936,70.064
1144.949421,8445.647792,69.935,70.065
1147.071264,8420.746332,69.934,70.066
1149.193190,8395.844845,69.934,70.066
1151.315203,8370.943331,69.933,70.067
1153.437304,8346.041790,69.933,70.067
1155.559494,8321.140219,69.932,70.068
1157.681775,8296.238620,69.931,70.069
1159.804148,8271.336992,69.931,70.069
1161.926616,8246.435333,69.930,70.070
1164.049180,8221.533644,69.930,70.070
1166.171841,8196.631924,69.929,70.071
1168.294602,8171.730172,69.928,70.072
1170.416916,8146.828619,69.928,70.072
1172.531955,8121.930153,69.927,70.073
1174.628875,8097.039359,69.927,70.073
1176.696764,8072.160852,69.926,70.074
1178.724729,8047.299238,69.925,70.075
1180.764803,8022.437310,69.925,70.075
1183.074183,7997.486737,69.925,70.075
1186.053565,7972.413516,69.993,70.007
1191.282422,7947.980616,70.692,69.308
1201.053805,7925.468764,70.752,69.248
1216.457973,7906.295930,71.038,68.962
1236.682513,7891.673810,69.918,70.082
1259.844990,7882.011987,71.014,68.986
1284.305208,7877.040113,70.465,69.535
1309.145266,7875.850773,70.391,69.609
1334.075431,7877.131782,70.429,69.571
1358.964520,7879.545639,70.315,69.685
1383.785262,7882.402647,70.201,69.799
1408.576960,7885.419824,70.087,69.913
1433.401746,7888.212391,69.973,70.027
1458.345129,7890.279088,69.807,70.193
1483.389033,7890.931140,69.540,70.460
1508.176968,7888.892470,69.103,70.897
1532.252790,7882.938582,69.186,70.814
1554.974630,7872.849239,69.502,70.498
1575.635537,7858.800121,69.909,70.091
1593.561365,7841.291740,69.902,70.098
1608.111398,7821.029293,69.482,70.518
1618.973995,7798.675372,69.148,70.852
1626.191244,7774.843155,69.366,70.634
1629.822716,7750.143376,70.084,69.916
1629.927985,7725.186771,69.812,70.188
1626.718854,7700.500341,69.273,70.727
1621.303475,7676.118056,69.341,70.659
1615.051682,7651.898777,69.602,70.398
1608.588521,7627.755221,69.863,70.137
1602.062109,7603.635469,70.107,69.893
1595.546430,7579.512437,70.060,69.940
1589.043717,7555.385238,70.013,69.987
1582.552635,7531.254286,69.984,70.016
1576.071852,7507.119995,70.007,69.993
1569.600035,7482.982780,70.031,69.969
1563.135853,7458.843055,70.054,69.946
1556.677971,7434.701233,70.078,69.922
1550.225057,7410.557730,70.101,69.899
1543.775780,7386.412958,70.125,69.875
1537.328804,7362.267333,70.148,69.852
1530.882799,7338.121269,70.172,69.828
1524.436432,7313.975179,70.195,69.805
1517.988369,7289.829478,70.218,69.782
1511.537278,7265.684580,70.242,69.758
1505.081827,7241.540899,70.265,69.735
1498.620682,7217.398849,70.289,69.711
1492.152510,7193.258845,70.312,69.688
1485.675996,7169.121295,70.336,69.664
1479.191501,7144.986130,70.359,69.641
1472.702519,7120.852380,70.383,69.617
1466.212890,7096.718978,70.406,69.594
1459.726451,7072.584856,70.430,69.570
1453.247041,7048.448948,70.453,69.547
1446.778499,7024.310186,70.477,69.523
1440.324662,7000.167504,70.500,69.500
1433.889370,6976.019833,70.524,69.476
1427.476688,6951.866055,70.547,69.453
1421.115471,6927.699308,70.570,69.430
1414.881266,6903.501920,70.594,69.406
1408.854790,6879.255018,70.596,69.404
1403.116758,6854.939734,70.553,69.447
1397.736079,6830.539940,70.511,69.489
1392.640787,6806.072246,70.468,69.532
1387.666287,6781.574788,70.426,69.574
1382.646361,6757.086077,70.383,69.617
1377.416732,6732.644217,70.340,69.660
1372.030688,6708.241457,70.298,69.702
1366.954918,6683.782916,70.255,69.745
1362.601021,6659.184347,70.273,69.727
1358.755134,6634.487305,70.312,69.688
1354.987476,6609.776711,70.351,69.649
1351.138942,6585.082286,70.390,69.610
1347.231082,6560.397002,70.429,69.571
1343.386959,6535.703209,70.468,69.532
1339.917651,6510.964201,70.507,69.493
1337.052647,6486.153092,70.513,69.487
1334.672343,6461.283650,70.506,69.494
1332.583105,6436.378266,70.499,69.501
1330.591295,6411.459328,70.492,69.508
1328.509583,6386.548641,70.485,69.515
1326.333276,6361.651048,70.478,69.522
1324.264056,6336.752228,70.470,69.530
1322.514678,6311.836830,70.463,69.537
1321.297885,6286.889508,70.505,69.495
1320.706772,6261.903433,70.549,69.451
1320.424453,6236.900986,70.592,69.408
1320.067508,6211.908802,70.635,69.365
1319.513852,6186.928959,70.679,69.321
1318.819354,6161.947344,70.722,69.278
1318.104697,6136.959454,70.765,69.235
1317.560673,6111.972080,70.809,69.191
1317.381884,6086.992629,70.852,69.148
1317.762928,6062.028507,70.889,69.111
1318.823834,6037.084566,70.882,69.118
1320.426825,6012.156819,70.875,69.125
1322.378441,5987.239370,70.868,69.132
1324.485225,5962.326326,70.861,69.139
1326.557190,5937.411900,70.854,69.146
1328.508221,5912.493536,70.847,69.153
1330.371471,5887.572392,70.839,69.161
1332.186664,5862.649828,70.832,69.168
1333.993519,5837.727207,70.825,69.175
1335.823342,5812.805591,70.818,69.182
1337.678043,5787.884997,70.811,69.189
1339.553126,5762.965217,70.804,69.196
1341.444093,5738.046042,70.797,69.203
1343.346447,5713.127263,70.790,69.210
1345.255690,5688.208669,70.783,69.217
1347.167325,5663.290053,70.776,69.224
1349.076855,5638.371205,70.769,69.231
1350.979782,5613.451915,70.762,69.238
1352.872270,5588.532010,70.755,69.245
1354.754758,5563.611540,70.747,69.253
1356.629384,5538.690643,70.740,69.260
1358.498293,5513.769459,70.733,69.267
1360.363628,5488.848129,70.726,69.274
1362.227532,5463.926791,70.719,69.281
1364.092149,5439.005585,70.712,69.288
1365.959622,5414.084652,70.705,69.295
1367.832095,5389.164129,70.698,69.302
1369.711390,5364.244136,70.691,69.309
1371.597229,5339.324638,70.684,69.316
1373.488490,5314.405545,70.677,69.323
1375.384050,5289.486763,70.670,69.330
1377.282784,5264.568202,70.662,69.338
1379.183570,5239.649768,70.655,69.345
1381.085284,5214.731369,70.648,69.352
1382.986801,5189.812914,70.641,69.359
1384.886999,5164.894309,70.634,69.366
1386.784754,5139.975464,70.627,69.373
1388.678942,5115.056285,70.620,69.380
1390.568438,5090.136681,70.613,69.387
1392.452121,5065.216560,70.606,69.394
1394.328866,5040.295828,70.599,69.401
1396.197549,5015.374395,70.592,69.408
1398.057047,4990.452168,70.585,69.415
1399.906236,4965.529054,70.577,69.423
1401.743992,4940.604962,70.570,69.430
1403.571079,4915.679967,70.563,69.437
1405.400841,4890.755269,70.556,69.444
1407.251763,4865.832526,70.549,69.451
1409.142349,4840.913398,70.542,69.458
1411.091100,4815.999543,70.535,69.465
1413.116520,4791.092622,70.528,69.472
1415.237110,4766.194294,70.521,69.479
1417.471372,4741.306217,70.508,69.492
1419.837810,4716.430053,70.475,69.525
1422.364669,4691.568957,70.442,69.558
1425.210388,4666.746087,70.410,69.590
1428.625065,4641.998707,70.391,69.609
1432.689690,4617.341739,70.421,69.579
1437.132504,4592.743411,70.451,69.549
1441.685143,4568.170373,70.480,69.520
1446.252101,4543.604687,70.510,69.490
1450.777653,4519.031962,70.540,69.460
1455.206073,4494.437807,70.570,69.430
1459.491378,4469.810132,70.600,69.400
1463.719342,4445.167952,70.629,69.371
1468.070441,4420.552640,70.659,69.341
1472.727230,4396.006062,70.689,69.311
1477.872262,4371.570083,70.719,69.281
1483.619926,4347.270680,70.660,69.340
1489.831136,4323.074757,70.594,69.406
1496.307906,4298.935490,70.528,69.472
1502.852247,4274.806056,70.461,69.539
1509.295295,4250.648022,70.395,69.605
1515.866696,4226.537788,70.329,69.671
1523.082647,4202.634253,70.341,69.659
1531.105354,4178.982679,70.406,69.594
1539.340972,4155.386060,70.472,69.528
1547.265296,4131.673094,70.537,69.463
1554.972743,4107.883404,70.603,69.397
1562.702794,4084.106078,70.668,69.332
1570.694927,4060.430200,70.734,69.266
1579.174176,4036.939458,70.799,69.201
1588.165469,4013.642752,70.846,69.154
1597.547513,3990.494337,70.846,69.154
1607.195679,3967.447218,70.846,69.154
1616.985336,3944.454404,70.846,69.154
1626.812824,3921.476682,70.846,69.154
1636.653887,3898.504311,70.846,69.154
1646.503062,3875.534526,70.846,69.154
1656.354890,3852.564559,70.846,69.154
1666.205559,3829.592460,70.846,69.154
1676.109582,3806.645036,70.845,69.155
1686.193998,3783.784862,70.845,69.155
1696.590384,3761.076749,70.845,69.155
1707.430316,3738.585508,70.839,69.161
1718.813288,3716.359897,70.834,69.166
1730.612811,3694.335592,70.828,69.172
1742.605306,3672.399686,70.822,69.178
1754.566818,3650.439086,70.817,69.183
1766.279025,3628.343703,70.811,69.189
1777.726119,3606.111580,70.805,69.195
1789.146218,3583.876338,70.800,69.200
1800.793524,3561.780183,70.794,69.206
1812.922236,3539.965322,70.788,69.212
1825.744816,3518.550606,70.776,69.224
1839.176695,3497.488670,70.756,69.244
1853.004523,3476.660083,70.736,69.264
1867.014429,3455.945122,70.717,69.283
1880.995535,3435.225545,70.697,69.303
1894.846487,3414.437285,70.677,69.323
1908.604344,3393.584732,70.658,69.342
1922.329124,3372.693008,70.638,69.362
1936.135605,3351.850739,70.618,69.382
1950.165345,3331.171398,70.599,69.401
1964.656752,3310.836144,70.578,69.422
1979.860809,3291.033139,70.555,69.445
1995.597193,3271.623236,70.532,69.468
2011.367855,3252.226318,70.509,69.491
2026.943800,3232.671847,70.486,69.514
2042.449064,3213.064070,70.463,69.537
2058.030602,3193.525070,70.440,69.560
2073.835368,3174.176934,70.416,69.584
2089.986905,3155.122042,70.408,69.592
2106.438815,3136.319763,70.424,69.576
2123.069733,3117.666370,70.440,69.560
2139.757965,3099.057861,70.456,69.544
2156.382300,3080.390670,70.471,69.529
2172.919484,3061.648953,70.487,69.513
2189.562359,3043.010394,70.503,69.497
2206.515296,3024.663260,70.518,69.482
2223.855820,3006.684093,70.509,69.491
2241.594173,2989.088859,70.489,69.511
2259.578407,2971.731203,70.470,69.530
2277.537212,2954.345240,70.450,69.550
2295.368882,2936.832978,70.431,69.569
2313.195136,2919.317677,70.411,69.589
2331.158595,2901.947914,70.392,69.608
2349.415387,2884.895941,70.380,69.620
2368.086319,2868.296159,70.394,69.606
2387.017733,2851.979711,70.407,69.593
2405.945732,2835.656007,70.420,69.580
2424.796985,2819.246049,70.433,69.567
2443.646198,2802.835369,70.447,69.553
2462.596499,2786.547270,70.460,69.540
2481.782821,2770.548426,70.473,69.527
2501.276547,2754.927167,70.462,69.538
2521.001528,2739.589309,70.451,69.549
2540.861506,2724.415793,70.441,69.559
2560.760223,2709.287560,70.430,69.570
2580.607706,2694.093590,70.419,69.581
2600.409457,2678.845038,70.408,69.592
2620.245233,2663.648072,70.398,69.602
2640.196742,2648.611359,70.387,69.613
2660.345482,2633.843280,70.365,69.635
2680.724784,2619.387236,70.340,69.660
2701.258867,2605.139422,70.316,69.684
2721.856926,2590.975762,70.291,69.709
2742.428155,2576.772184,70.266,69.734
2762.894067,2562.422476,70.241,69.759
2783.365722,2548.095331,70.216,69.784
2804.102183,2534.174046,70.215,69.785
2825.212286,2520.814362,70.255,69.745
2846.453066,2507.639711,70.295,69.705
2867.596622,2494.300645,70.335,69.665
2888.677365,2480.862390,70.376,69.624
2909.797018,2467.496588,70.416,69.584
2931.057306,2454.374878,70.456,69.544
2952.558056,2441.665666,70.488,69.512
2974.320586,2429.403588,70.496,69.504
2996.261410,2417.444702,70.503,69.497
3018.289747,2405.632634,70.511,69.489
3040.314816,2393.811011,70.519,69.481
3062.268545,2381.863327,70.527,69.473
3084.176999,2369.838308,70.534,69.466
3106.090625,2357.827487,70.542,69.458
3128.059872,2345.922397,70.550,69.450
3150.135475,2334.215495,70.557,69.443
3172.380259,2322.838184,70.569,69.431
3194.873049,2311.973691,70.598,69.402
3217.624197,2301.654590,70.628,69.372
3240.482350,2291.554964,70.657,69.343
3263.303738,2281.364629,70.687,69.313
3286.072160,2271.051699,70.716,69.284
3308.804779,2260.657078,70.746,69.254
3331.518759,2250.221672,70.775,69.225
3354.231264,2239.786386,70.805,69.195
3376.959458,2229.392127,70.834,69.166
3399.720504,2219.079798,70.863,69.137
3422.531568,2208.890307,70.893,69.107
3445.409812,2198.864557,70.922,69.078
3468.390126,2189.089837,70.952,69.048
3491.582301,2179.849428,70.934,69.066
3515.103962,2171.447993,70.908,69.092
3538.879857,2163.699636,70.882,69.118
3562.681148,2156.027572,70.855,69.145
3586.383140,2148.107700,70.829,69.171
3610.009775,2139.977280,70.802,69.198
3633.599907,2131.721522,70.776,69.224
3657.210187,2123.518681,70.749,69.251
3680.896302,2115.553111,70.723,69.277
3704.668849,2107.861521,70.697,69.303
3728.516969,2100.410372,70.670,69.330
3752.429672,2093.165698,70.661,69.339
3776.395969,2086.093533,70.651,69.349
3800.404869,2079.159910,70.641,69.359
3824.445383,2072.330862,70.631,69.369
3848.506521,2065.572423,70.622,69.378
3872.577294,2058.850625,70.612,69.388
3896.648708,2052.138179,70.602,69.398
3920.727755,2045.461213,70.593,69.407
3944.829094,2038.871499,70.583,69.417
3968.967436,2032.420972,70.585,69.415
3993.157464,2026.161473,70.607,69.393
4017.405822,2020.116880,70.629,69.371
4041.699837,2014.243881,70.651,69.349
4066.023996,2008.489285,70.674,69.326
4090.362787,2002.799898,70.696,69.304
4114.703298,1997.132930,70.718,69.282
4139.053674,1991.529730,70.740,69.260
4163.432254,1986.072394,70.762,69.238
4187.857447,1980.843287,70.744,69.256
4212.347622,1975.924595,70.717,69.283
4236.909085,1971.341472,70.691,69.309
4261.518906,1966.980833,70.665,69.335
4286.149810,1962.709055,70.639,69.361
4310.774520,1958.392513,70.613,69.387
4335.369758,1953.919389,70.587,69.413
4359.944898,1949.356041,70.561,69.439
4384.525266,1944.855885,70.535,69.465
4409.136297,1940.572927,70.509,69.491
4433.803392,1936.660942,70.500,69.500
4458.539883,1933.197357,70.510,69.490
4483.329596,1930.072853,70.520,69.480
4508.151927,1927.150096,70.530,69.470
4532.986272,1924.291749,70.540,69.460
4557.812775,1921.365652,70.550,69.450
4582.624387,1918.328636,70.560,69.440
4607.424848,1915.212466,70.570,69.430
4632.218233,1912.051248,70.580,69.420
4657.008619,1908.879085,70.589,69.411
4681.800081,1905.730082,70.599,69.401
4706.596697,1902.638344,70.609,69.391
4731.402542,1899.637974,70.619,69.381
4756.221692,1896.763079,70.629,69.371
4781.058032,1894.046121,70.639,69.361
4805.912120,1891.490977,70.642,69.358
4830.781688,1889.077246,70.637,69.363
4855.664377,1886.783758,70.632,69.368
4880.557830,1884.589341,70.627,69.373
4905.459688,1882.472823,70.623,69.377
4930.367594,1880.413033,70.618,69.382
4955.279190,1878.388799,70.613,69.387
4980.192117,1876.378950,70.609,69.391
5005.104093,1874.362983,70.604,69.396
5030.014171,1872.332206,70.599,69.401
5054.922547,1870.288041,70.594,69.406
5079.829452,1868.232235,70.590,69.410
5104.735121,1866.166538,70.585,69.415
5129.639786,1864.092697,70.580,69.420
5154.543679,1862.012461,70.575,69.425
5179.447034,1859.927579,70.571,69.429
5204.350083,1857.839798,70.566,69.434
5229.253052,1855.750818,70.561,69.439
5254.156049,1853.661468,70.557,69.443
5279.059078,1851.571821,70.552,69.448
5303.962143,1849.481929,70.547,69.453
5328.865244,1847.391842,70.542,69.458
5353.768382,1845.301609,70.538,69.462
5378.671561,1843.211281,70.533,69.467
5403.574782,1841.120909,70.528,69.472
5428.478045,1839.030542,70.523,69.477
5453.381354,1836.940230,70.519,69.481
5478.284710,1834.850025,70.514,69.486
5503.188115,1832.759975,70.509,69.491
5528.091570,1830.670132,70.504,69.496
5552.995077,1828.580545,70.500,69.500
5577.898638,1826.491265,70.495,69.505
5602.802255,1824.402342,70.490,69.510
5627.705929,1822.313826,70.486,69.514
5652.609663,1820.225768,70.481,69.519
5677.513457,1818.138217,70.476,69.524
5702.417314,1816.051224,70.471,69.529
5727.321236,1813.964839,70.467,69.533
5752.225223,1811.879112,70.462,69.538
5777.129279,1809.794093,70.457,69.543
5802.033404,1807.709833,70.452,69.548
5826.937601,1805.626383,70.448,69.552
5851.841871,1803.543791,70.443,69.557
5876.746216,1801.462108,70.438,69.562
5901.650638,1799.381386,70.434,69.566
5926.555138,1797.301672,70.429,69.571
5951.459718,1795.223019,70.424,69.576
5976.364381,1793.145476,70.419,69.581
6001.269127,1791.069094,70.415,69.585
6026.173958,1788.993922,70.410,69.590
6051.078877,1786.920011,70.405,69.595
6075.983885,1784.847411,70.400,69.600
6100.888983,1782.776172,70.396,69.604
6125.794175,1780.706349,70.391,69.609
6150.699482,1778.638236,70.386,69.614
6175.604957,1776.572488,70.382,69.618
6200.510659,1774.509789,70.377,69.623
6225.416641,1772.450827,70.372,69.628
6250.322961,1770.396285,70.367,69.633
6275.229675,1768.346848,70.363,69.637
6300.136838,1766.303204,70.358,69.642
6325.044507,1764.266035,70.353,69.647
6349.952739,1762.236029,70.348,69.652
6374.861589,1760.213869,70.344,69.656
6399.771113,1758.200242,70.342,69.658
6424.681367,1756.195832,70.342,69.658
6449.592408,1754.201325,70.341,69.659
6474.504292,1752.217406,70.341,69.659
6499.417075,1750.244760,70.340,69.660
6524.330813,1748.284073,70.339,69.661
6549.245562,1746.336030,70.339,69.661
6574.161379,1744.401315,70.338,69.662
6599.078274,1742.480044,70.338,69.662
6623.996141,1740.570820,70.337,69.663
6648.914850,1738.671992,70.336,69.664
6673.834276,1736.781911,70.336,69.664
6698.754291,1734.898926,70.335,69.665
6723.674766,1733.021390,70.335,69.665
6748.595575,1731.147652,70.334,69.666
6773.516590,1729.276063,70.334,69.666
6798.437684,1727.404972,70.333,69.667
6823.358729,1725.532732,70.332,69.668
6848.279598,1723.657692,70.332,69.668
6873.200163,1721.778202,70.331,69.669
6898.120297,1719.892613,70.331,69.669
6923.039873,1717.999276,70.330,69.670
6947.958762,1716.096542,70.329,69.671
6972.876837,1714.182759,70.329,69.671
6997.793972,1712.256280,70.328,69.672
7022.710038,1710.315461,70.328,69.672
7047.625197,1708.362995,70.327,69.673
7072.540390,1706.413372,70.326,69.674
7097.456692,1704.483071,70.326,69.674
7122.375177,1702.588572,70.325,69.675
7147.296919,1700.746352,70.325,69.675
7172.222993,1698.972891,70.324,69.676
7197.154472,1697.284668,70.321,69.679
7222.092431,1695.698161,70.312,69.688
7247.037944,1694.229850,70.302,69.698
7271.991604,1692.888336,70.293,69.707
7296.951602,1691.642960,70.283,69.717
7321.915384,1690.450856,70.274,69.726
7346.880396,1689.269153,70.264,69.736
7371.844101,1688.055321,70.255,69.745
7396.805135,1686.788306,70.245,69.755
7421.763991,1685.481080,70.236,69.764
7446.721326,1684.149626,70.226,69.774
7471.677798,1682.809928,70.217,69.783
7496.633980,1681.475768,70.207,69.793
7521.590036,1680.149848,70.198,69.802
7546.545995,1678.831391,70.188,69.812
7571.501892,1677.519621,70.179,69.821
7596.457757,1676.213760,70.169,69.831
7621.413622,1674.913030,70.160,69.840
7646.369519,1673.616654,70.150,69.850
7671.325481,1672.323856,70.141,69.859
7696.281538,1671.033856,70.131,69.869
7721.237724,1669.745878,70.122,69.878
7746.194069,1668.459145,70.112,69.888
7771.150605,1667.172879,70.103,69.897
7796.107365,1665.886303,70.093,69.907
7821.064381,1664.598639,70.084,69.916
7846.021684,1663.309110,70.075,69.925
7870.979306,1662.016938,70.065,69.935
7895.937279,1660.721347,70.056,69.944
7920.895634,1659.421559,70.046,69.954
7945.854386,1658.117016,70.037,69.963
7970.813452,1656.808299,70.027,69.973
7995.772717,1655.496347,70.018,69.982
8020.732070,1654.182102,70.015,69.985
8045.691395,1652.866504,70.012,69.988
8070.650580,1651.550496,70.008,69.992
8095.609513,1650.235019,70.005,69.995
8120.568078,1648.921013,70.001,69.999
8145.526163,1647.609420,69.998,70.002
8170.483655,1646.301181,69.994,70.006
8195.440439,1644.997238,69.991,70.009
8220.396404,1643.698531,69.988,70.012
8245.351435,1642.406002,69.984,70.016
8270.305418,1641.120592,69.981,70.019
8295.258242,1639.843243,69.977,70.023
8320.209792,1638.574894,69.974,70.026
8345.159954,1637.316489,69.971,70.029
8370.108616,1636.068967,69.967,70.033
8395.055258,1634.820487,69.964,70.036
8419.995310,1633.432049,69.960,70.040
8444.921885,1631.691779,69.793,70.207
8469.828066,1629.386941,69.615,70.385
8494.706812,1626.304574,69.787,70.213
8519.417724,1621.995931,70.057,69.943
8543.434566,1615.330070,70.278,69.722
8566.056377,1605.118913,69.035,70.965
8586.080868,1590.616600,69.799,70.201
8602.725847,1572.181948,70.007,69.993
8616.142781,1550.952704,70.282,69.718
8626.847308,1528.195097,69.579,70.421
8635.515178,1504.806430,69.743,70.257
8643.079792,1481.070952,69.626,70.374
8650.291466,1457.172642,69.705,70.295
8657.299577,1433.171625,69.784,70.216
8664.145222,1409.105712,69.863,70.137
8670.869502,1385.012713,69.942,70.058
8677.531703,1360.933432,70.020,69.980
8684.374457,1336.938842,70.099,69.901
8691.746571,1313.117388,70.187,69.813
8699.998148,1289.557726,70.298,69.702
8709.479407,1266.348730,69.958,70.042
8720.670900,1243.825313,70.199,69.801
8734.434537,1223.042308,70.157,69.843
8751.596976,1205.145649,70.304,69.696
8771.923450,1190.876779,70.808,69.192
8794.561252,1180.693055,70.113,69.887
8818.645746,1173.959833,70.061,69.939
8843.308292,1168.970390,69.952,70.048
8867.901591,1164.357963,69.994,70.006
8892.426646,1159.883412,70.026,69.974
8916.985369,1155.511823,70.037,69.963
8941.588643,1151.203122,70.047,69.953
8966.217106,1146.915522,70.058,69.942
8990.851373,1142.607232,70.068,69.932
9015.472496,1138.237332,70.073,69.927
9040.071341,1133.784591,70.067,69.933
9064.648516,1129.247326,70.062,69.938
9089.205050,1124.624691,70.024,69.976
9113.741969,1119.915842,69.874,70.126
9138.260301,1115.119932,69.724,70.276
9162.761073,1110.236117,69.615,70.385
9187.245312,1105.263552,69.692,70.308
9211.714047,1100.201391,69.769,70.231
9236.168168,1095.048502,69.875,70.125
9260.605455,1089.797127,69.984,70.016
9285.020567,1084.432879,70.079,69.921
9309.408029,1078.941081,70.168,69.832
9333.762366,1073.307056,70.257,69.743
9358.078101,1067.516128,70.224,69.776
9382.349761,1061.553620,70.014,69.986
9406.571868,1055.404855,69.804,70.196
9430.738949,1049.055157,69.652,70.348
9454.845599,1042.490084,69.535,70.465
9478.888084,1035.700715,69.419,70.581
9502.864361,1028.683698,69.561,70.439
9526.772456,1021.435928,69.768,70.232
9550.610399,1013.954299,69.900,70.100
9574.378690,1006.243455,69.906,70.094
9598.091413,998.350616,69.913,70.087
9621.767290,990.337550,69.919,70.081
9645.425049,982.266038,69.926,70.074
9669.083332,974.197573,69.932,70.068
9692.753656,966.170090,69.938,70.062
9716.435241,958.180848,69.945,70.055
9740.126086,950.223072,69.951,70.049
9763.824189,942.289984,69.957,70.043
9787.527552,934.374809,69.964,70.036
9811.234172,926.470769,69.970,70.030
9834.942049,918.571090,69.977,70.023
9858.649182,910.668993,69.983,70.017
9882.353582,902.757740,69.989,70.011
9906.054161,894.833629,69.996,70.004
9929.751403,886.898253,70.002,69.998
9953.445950,878.953735,70.008,69.992
9977.138444,871.002198,70.015,69.985
10000.829527,863.045767,70.021,69.979
10024.519842,855.086565,70.028,69.972
10048.210029,847.126715,70.034,69.966
10071.900732,839.168340,70.040,69.960
10095.592589,831.213554,70.047,69.953
10119.285925,823.263461,70.053,69.947
10142.980517,815.317400,70.059,69.941
10166.676087,807.374530,70.066,69.934
10190.372356,799.434009,70.072,69.928
10214.069045,791.494997,70.079,69.921
10237.765875,783.556652,70.085,69.915
10261.462567,775.618133,70.091,69.909
10285.158843,767.678599,70.098,69.902
10308.854426,759.737216,70.104,69.896
10332.549226,751.793700,70.111,69.889
10356.243486,743.848752,70.117,69.883
10379.937483,735.903169,70.123,69.877
10403.631493,727.957751,70.130,69.870
10427.325793,720.013296,70.136,69.864
10451.020661,712.070605,70.142,69.858
10474.716371,704.130474,70.149,69.851
10498.413202,696.193704,70.155,69.845
10522.111430,688.261094,70.162,69.838
10545.811331,680.333442,70.168,69.832
10569.513183,672.411547,70.174,69.826
10593.217261,664.496209,70.181,69.819
10616.923843,656.588227,70.187,69.813
10640.633205,648.688398,70.193,69.807
10664.345624,640.797523,70.200,69.800
10688.061377,632.916400,70.208,69.792
10711.780740,625.045829,70.216,69.784
10735.503990,617.186607,70.225,69.775
10759.231270,609.339152,70.233,69.767
10782.962295,601.502664,70.241,69.759
10806.696698,593.676104,70.249,69.751
10830.434111,585.858429,70.258,69.742
10854.174164,578.048601,70.266,69.734
10877.916491,570.245579,70.274,69.726
10901.660722,562.448322,70.283,69.717
10925.406490,554.655791,70.291,69.709
10949.153426,546.866944,70.299,69.701
10972.901162,539.080742,70.308,69.692
10996.649330,531.296143,70.316,69.684
11020.397561,523.512109,70.324,69.676
11044.145488,515.727597,70.333,69.667
11067.892742,507.941569,70.341,69.659
11091.638954,500.152983,70.349,69.651
11115.383758,492.360800,70.358,69.642
11139.126784,484.563978,70.366,69.634
11162.867664,476.761478,70.374,69.626
11186.606197,468.952698,70.383,69.617
11210.342721,461.138459,70.391,69.609
11234.077684,453.319869,70.399,69.601
11257.811533,445.498035,70.407,69.593
11281.544717,437.674066,70.416,69.584
11305.277681,429.849070,70.424,69.576
11329.010875,422.024155,70.432,69.568
11352.744745,414.200428,70.441,69.559
11376.479740,406.378999,70.449,69.551
11400.216307,398.560975,70.457,69.543
11423.954893,390.747463,70.466,69.534
11447.695946,382.939573,70.474,69.526
11471.439914,375.138412,70.482,69.518
11495.187244,367.345087,70.491,69.509
11518.938384,359.560708,70.499,69.501
11542.693782,351.786383,70.507,69.493
11566.453884,344.023218,70.516,69.484
11590.219140,336.272323,70.524,69.476
11613.994469,328.551720,70.532,69.468
11637.811824,320.981637,70.540,69.460
11661.713256,313.720490,70.298,69.702
11685.740837,306.926764,69.970,70.030
11709.936435,300.758580,69.990,70.010
11734.320432,295.335019,70.215,69.785
11758.872876,290.701883,70.330,69.670
11783.569365,286.896891,70.363,69.637
11808.385499,283.957766,70.336,69.664
11833.295696,281.918328,70.182,69.818
11858.267179,280.788606,70.301,69.699
11883.264455,280.569665,70.575,69.425
11908.252028,281.262555,70.199,69.801
11933.194401,282.868326,69.907,70.093
11958.056079,285.388027,69.816,70.184
11982.801565,288.822707,69.852,70.148
12007.395363,293.173416,70.124,69.876
12031.801976,298.441204,70.400,69.600
12055.989089,304.620569,70.323,69.677
12079.943966,311.665702,70.094,69.906
12103.661313,319.515473,70.051,69.949
12127.135848,328.108721,70.188,69.812
12150.362185,337.384528,70.320,69.680
12173.322734,347.309389,70.219,69.781
12195.976640,357.902091,70.049,69.951
12218.280431,369.187296,70.069,69.931
12240.190635,381.189666,70.189,69.811
12261.664544,393.932425,70.294,69.706
12282.668726,407.421339,70.378,69.622
12303.175920,421.650557,70.572,69.428
12323.158976,436.614019,70.556,69.444
12342.590745,452.305663,70.031,69.969
12361.447776,468.711222,69.938,70.062
12379.719204,485.788485,70.046,69.954
12397.396848,503.489292,70.034,69.966
12414.472522,521.765484,70.021,69.979
12430.937579,540.570681,70.393,69.607
12446.777657,559.880277,70.806,69.194
12461.974567,579.684270,70.579,69.421
12476.510048,599.972924,70.266,69.734
12490.365842,620.736505,69.836,70.164
12503.525966,641.961571,69.783,70.217
12515.982258,663.621949,69.903,70.097
12527.728238,685.688730,70.341,69.659
12538.757423,708.133006,70.375,69.625
12549.060885,730.926373,70.157,69.843
12558.599390,754.046670,70.114,69.886
12567.313227,777.475948,70.274,69.726
12575.142300,801.196340,69.860,70.140
12582.026519,825.189978,69.913,70.087
12587.947671,849.432688,70.219,69.781
12593.032700,873.878439,70.427,69.573
12597.439974,898.476466,70.635,69.365
12601.327862,923.176007,70.552,69.448
12604.849244,947.928408,70.375,69.625
12608.088275,972.711445,70.200,69.800
12611.082322,997.520887,70.084,69.916
12613.867852,1022.352846,69.968,70.032
12616.481334,1047.203438,69.911,70.089
12618.959236,1072.068774,69.914,70.086
12621.338028,1096.944970,69.916,70.084
12623.654176,1121.828139,69.918,70.082
12625.944151,1146.714393,69.920,70.080
12628.243834,1171.599910,69.923,70.077
12630.571236,1196.482749,69.925,70.075
12632.923637,1221.363162,69.927,70.073
12635.297155,1246.241521,69.929,70.071
12637.687907,1271.118198,69.932,70.068
12640.092013,1295.993566,69.934,70.066
12642.505590,1320.867997,69.936,70.064
12644.924757,1345.741863,69.938,70.062
12647.345632,1370.615537,69.940,70.060
12649.764393,1395.489386,69.943,70.057
12652.179052,1420.363602,69.945,70.055
12654.589772,1445.238170,69.947,70.053
12656.996837,1470.113066,69.949,70.051
12659.400529,1494.988265,69.952,70.048
12661.801133,1519.863742,69.954,70.046
12664.198932,1544.739472,69.956,70.044
12666.594210,1569.615429,69.958,70.042
12668.987250,1594.491590,69.961,70.039
12671.378336,1619.367928,69.963,70.037
12673.767753,1644.244418,69.965,70.035
12676.155782,1669.121036,69.967,70.033
12678.542708,1693.997757,69.969,70.031
12680.928815,1718.874556,69.972,70.028
12683.314387,1743.751407,69.974,70.026
12685.699706,1768.628285,69.976,70.024
12688.085056,1793.505166,69.978,70.022
12690.470722,1818.382024,69.981,70.019
12692.856982,1843.258835,69.983,70.017
12695.243979,1868.135587,69.985,70.015
12697.631692,1893.012279,69.987,70.013
12700.020091,1917.888915,69.990,70.010
12702.409146,1942.765496,69.992,70.008
12704.798827,1967.642025,69.994,70.006
12707.189102,1992.518504,69.996,70.004
12709.579943,2017.394935,69.998,70.002
12711.971319,2042.271320,70.001,69.999
12714.363200,2067.147662,70.003,69.997
12716.755555,2092.023961,70.005,69.995
12719.148355,2116.900221,70.007,69.993
12721.541568,2141.776444,70.010,69.990
12723.935166,2166.652632,70.012,69.988
12726.329117,2191.528786,70.014,69.986
12728.723393,2216.404910,70.016,69.984
12731.117961,2241.281005,70.024,69.976
12733.512793,2266.157073,70.033,69.967
12735.907857,2291.033117,70.043,69.957
12738.303124,2315.909138,70.052,69.948
12740.698564,2340.785139,70.062,69.938
12743.094147,2365.661122,70.071,69.929
12745.489841,2390.537089,70.081,69.919
12747.885618,2415.413042,70.090,69.910
12750.281446,2440.288984,70.100,69.900
12752.677296,2465.164916,70.109,69.891
12755.073137,2490.040840,70.119,69.881
12757.468940,2514.916759,70.128,69.872
12759.864673,2539.792675,70.138,69.862
12762.260308,2564.668590,70.148,69.852
12764.655813,2589.544506,70.157,69.843
12767.051158,2614.420426,70.167,69.833
12769.446314,2639.296350,70.176,69.824
12771.841249,2664.172283,70.186,69.814
12774.235935,2689.048225,70.195,69.805
12776.630340,2713.924178,70.205,69.795
12779.024434,2738.800146,70.214,69.786
12781.418131,2763.676141,70.224,69.776
12783.811228,2788.552197,70.233,69.767
12786.203508,2813.428354,70.243,69.757
12788.594752,2838.304648,70.252,69.748
12790.984743,2863.181117,70.262,69.738
12793.373264,2888.057801,70.271,69.729
12795.760095,2912.934736,70.281,69.719
12798.145020,2937.811960,70.290,69.710
12800.527821,2962.689512,70.300,69.700
12802.908760,2987.567365,70.309,69.691
12805.289918,3012.445248,70.319,69.681
12807.673811,3037.322833,70.329,69.671
12810.062955,3062.199792,70.338,69.662
12812.459862,3087.075794,70.348,69.652
12814.867050,3111.950513,70.357,69.643
12817.287032,3136.823619,70.367,69.633
12819.722324,3161.694783,70.376,69.624
12822.175440,3186.563677,70.386,69.614
12824.624977,3211.432126,70.395,69.605
12826.957795,3236.310216,70.405,69.595
12829.038759,3261.210010,70.414,69.586
12830.732735,3286.143576,70.266,69.734
12831.902671,3311.122048,70.035,69.965
12832.342124,3336.122900,70.154,69.846
12831.757399,3361.081282,70.733,69.267
12829.849255,3385.929652,70.457,69.543
12826.318446,3410.600469,70.207,69.793
12820.965315,3435.018989,69.996,70.004
12813.975656,3459.082593,70.139,69.861
12805.599530,3482.673588,70.380,69.620
12795.670410,3505.554523,70.455,69.545
12783.718306,3527.400415,69.999,70.001
12769.585917,3547.965189,70.055,69.945
12753.521563,3567.105920,70.548,69.452
12735.838363,3584.780673,70.172,69.828
12716.933683,3601.152774,69.892,70.108
12697.171793,3616.412806,70.151,69.849
12676.745015,3630.752495,70.331,69.669
12655.803836,3644.363846,70.106,69.894
12634.498742,3657.438862,69.916,70.084
12612.978833,3670.167967,70.094,69.906
12591.341748,3682.682801,70.211,69.789
12569.619573,3695.040132,70.208,69.792
12547.840142,3707.291870,70.204,69.796
12526.031289,3719.489928,70.201,69.799
12504.218382,3731.681600,70.198,69.802
12482.408887,3743.880710,70.195,69.805
12460.602383,3756.086322,70.191,69.809
12438.798411,3768.297436,70.188,69.812
12416.996514,3780.513054,70.185,69.815
12395.196234,3792.732174,70.181,69.819
12373.397114,3804.953798,70.178,69.822
12351.598695,3817.176925,70.175,69.825
12329.800521,3829.400556,70.172,69.828
12308.002174,3841.623780,70.168,69.832
12286.203539,3853.846348,70.165,69.835
12264.404635,3866.068300,70.162,69.838
12242.605481,3878.289680,70.158,69.842
12220.806095,3890.510532,70.155,69.845
12199.006497,3902.730898,70.152,69.848
12177.206705,3914.950823,70.149,69.851
12155.406739,3927.170349,70.145,69.855
12133.606617,3939.389520,70.142,69.858
12111.806359,3951.608380,70.139,69.861
12090.005983,3963.826971,70.135,69.865
12068.205509,3976.045337,70.132,69.868
12046.404956,3988.263522,70.129,69.871
12024.604342,4000.481568,70.126,69.874
12002.803687,4012.699519,70.122,69.878
11981.003010,4024.917419,70.119,69.881
11959.202329,4037.135310,70.116,69.884
11937.401664,4049.353237,70.112,69.888
11915.601032,4061.571241,70.109,69.891
11893.800442,4073.789338,70.106,69.894
11871.999892,4086.007524,70.103,69.897
11850.199379,4098.225797,70.099,69.901
11828.398903,4110.444153,70.096,69.904
11806.598461,4122.662586,70.093,69.907
11784.798051,4134.881095,70.089,69.911
11762.997673,4147.099674,70.086,69.914
11741.197325,4159.318320,70.083,69.917
11719.397004,4171.537029,70.080,69.920
11697.596709,4183.755798,70.076,69.924
11675.796438,4195.974623,70.073,69.927
11653.996190,4208.193499,70.070,69.930
11632.195963,4220.412423,70.066,69.934
11610.395756,4232.631391,70.063,69.937
11588.595565,4244.850399,70.060,69.940
11566.795391,4257.069444,70.057,69.943
11544.995230,4269.288521,70.053,69.947
11523.195082,4281.507627,70.050,69.950
11501.394945,4293.726758,70.047,69.953
11479.594817,4305.945911,70.043,69.957
11457.794696,4318.165080,70.040,69.960
11435.994581,4330.384263,70.037,69.963
11414.194469,4342.603456,70.034,69.966
11392.394360,4354.822655,70.030,69.970
11370.594252,4367.041856,70.027,69.973
11348.794142,4379.261055,70.024,69.976
11326.994029,4391.480248,70.020,69.980
11305.193912,4403.699432,70.017,69.983
11283.393788,4415.918603,70.014,69.986
11261.593657,4428.137756,70.011,69.989
11239.793515,4440.356889,70.007,69.993
11217.993363,4452.575997,70.004,69.996
11196.193197,4464.795077,70.001,69.999
11174.393017,4477.014124,69.997,70.003
11152.592820,4489.233135,69.994,70.006
11130.792605,4501.452106,69.991,70.009
11108.992371,4513.671036,69.988,70.012
11087.192120,4525.889928,69.984,70.016
11065.391853,4538.108784,69.981,70.019
11043.591571,4550.327607,69.978,70.022
11021.791276,4562.546400,69.974,70.026
10999.990968,4574.765167,69.971,70.029
10978.190650,4586.983908,69.968,70.032
10956.390322,4599.202629,69.965,70.035
10934.589986,4611.421330,69.961,70.039
10912.789643,4623.640016,69.958,70.042
10890.989295,4635.858688,69.955,70.045
10869.188942,4648.077351,69.951,70.049
10847.388587,4660.296006,69.948,70.052
10825.588230,4672.514656,69.945,70.055
10803.787873,4684.733305,69.942,70.058
10781.987516,4696.951954,69.938,70.062
10760.187163,4709.170608,69.935,70.065
10738.386812,4721.389268,69.932,70.068
10716.586467,4733.607938,69.928,70.072
10694.786129,4745.826620,69.925,70.075
10672.985797,4758.045317,69.922,70.078
10651.185475,4770.264032,69.919,70.081
10629.385163,4782.482768,69.915,70.085
10607.584863,4794.701528,69.912,70.088
10585.784576,4806.920314,69.909,70.091
10563.984303,4819.139129,69.905,70.095
10542.184045,4831.357976,69.902,70.098
10520.383804,4843.576859,69.899,70.101
10498.583582,4855.795779,69.896,70.104
10476.783379,4868.014739,69.892,70.108
10454.983197,4880.233743,69.889,70.111
10433.183037,4892.452793,69.886,70.114
10411.382901,4904.671893,69.882,70.118
10389.582789,4916.891044,69.879,70.121
10367.782704,4929.110249,69.876,70.124
10345.982645,4941.329512,69.873,70.127
10324.182613,4953.548829,69.869,70.131
10302.382596,4965.768181,69.866,70.134
10280.582585,4977.987545,69.863,70.137
10258.782568,4990.206902,69.859,70.141
10236.982534,5002.426228,69.856,70.144
10215.182474,5014.645502,69.853,70.147
10193.382376,5026.864704,69.850,70.150
10171.582228,5039.083811,69.846,70.154
10149.782022,5051.302801,69.843,70.157
10127.981745,5063.521654,69.840,70.160
10106.181388,5075.740348,69.836,70.164
10084.380939,5087.958861,69.833,70.167
10062.580387,5100.177172,69.830,70.170
10040.779722,5112.395259,69.827,70.173
10018.978933,5124.613100,69.823,70.177
9997.178010,5136.830674,69.820,70.180
9975.376941,5149.047960,69.817,70.183
9953.575715,5161.264936,69.813,70.187
9931.774326,5173.481600,69.810,70.190
9909.972778,5185.698039,69.807,70.193
9888.171081,5197.914362,69.804,70.196
9866.369245,5210.130682,69.800,70.200
9844.567428,5222.347367,69.797,70.203
9822.773155,5234.577462,69.794,70.206
9801.004531,5246.852229,69.790,70.210
9779.280479,5259.204334,69.787,70.213
9757.619923,5271.666446,69.776,70.224
9736.038969,5284.266069,69.765,70.235
9714.541034,5297.007446,69.754,70.246
9693.125962,5309.888272,69.743,70.257
9671.793596,5322.906239,69.739,70.261
9650.543725,5336.058955,69.741,70.259
9629.373314,5349.339621,69.742,70.258
9608.275246,5362.735055,69.744,70.256
9587.242082,5376.231577,69.745,70.255
9566.266381,5389.815506,69.751,70.249
9545.340413,5403.473305,69.757,70.243
9524.455122,5417.192096,69.763,70.237
9503.601072,5430.959185,69.769,70.231
9482.768830,5444.761881,69.775,70.225
9461.949174,5458.587773,69.782,70.218
9441.143776,5472.439042,69.788,70.212
9420.370230,5486.339177,69.826,70.174
9399.647391,5500.313360,69.896,70.104
9378.994112,5514.386771,69.966,70.034
9358.427451,5528.582155,69.987,70.013
9337.949009,5542.901329,69.929,70.071
9317.552513,5557.335450,69.871,70.129
9297.231630,5571.875588,69.840,70.160
9276.980026,5586.512815,69.854,70.146
9256.791367,5601.238202,69.869,70.131
9236.659318,5616.042820,69.884,70.116
9216.577546,5630.917741,69.888,70.112
9196.539716,5645.854035,69.835,70.165
9176.540391,5660.843907,69.783,70.217
9156.581926,5675.889403,69.731,70.269
9136.670677,5690.997623,69.689,70.311
9116.813035,5706.175713,69.793,70.207
9097.015391,5721.430816,69.896,70.104
9077.284135,5736.770076,69.999,70.001
9057.625658,5752.200637,70.102,69.898
9038.046350,5767.729643,70.114,69.886
9018.552602,5783.364239,70.067,69.933
8999.149988,5799.110584,70.020,69.980
8979.836926,5814.966213,69.951,70.049
8960.608120,5830.924187,69.797,70.203
8941.458242,5846.977528,69.642,70.358
8922.381965,5863.119260,69.579,70.421
8903.373964,5879.342405,69.574,70.426
8884.428911,5895.639986,69.574,70.426
8865.541478,5912.005025,69.601,70.399
8846.706340,5928.430546,69.628,70.372
8827.918030,5944.909478,69.655,70.345
8809.169855,5961.433926,69.682,70.318
8790.454476,5977.995565,69.709,70.291
8771.764552,5994.586063,69.736,70.264
8753.092739,6011.197090,69.763,70.237
8734.431694,6027.820316,69.790,70.210
8715.774075,6044.447411,69.817,70.183
8697.112538,6061.070045,69.844,70.156
8678.439740,6077.679888,69.871,70.129
8659.748601,6094.268905,69.898,70.102
8641.037032,6110.834730,69.925,70.075
8622.307434,6127.380092,69.952,70.048
8603.562366,6143.907898,69.979,70.021
8584.804388,6160.421056,69.980,70.020
8566.036061,6176.922477,69.978,70.022
8547.259943,6193.415067,69.975,70.025
8528.478596,6209.901736,69.973,70.027
8509.694579,6226.385393,69.971,70.029
8490.910383,6242.868867,69.968,70.032
8472.127183,6259.353493,69.966,70.034
8453.344960,6275.839247,69.963,70.037
8434.563650,6292.326056,69.961,70.039
8415.783190,6308.813846,69.958,70.042
8397.003518,6325.302545,69.956,70.044
8378.224570,6341.792079,69.954,70.046
8359.446283,6358.282375,69.951,70.049
8340.668594,6374.773360,69.949,70.051
8321.891441,6391.264962,69.946,70.054
8303.114760,6407.757106,69.944,70.056
8284.338488,6424.249720,69.942,70.058
8265.562562,6440.742730,69.939,70.061
8246.786920,6457.236064,69.937,70.063
8228.011498,6473.729649,69.934,70.066
8209.236233,6490.223411,69.932,70.068
8190.461062,6506.717277,69.930,70.070
8171.685922,6523.211174,69.927,70.073
8152.910753,6539.705031,69.925,70.075
8134.135523,6556.198813,69.922,70.078
8115.360234,6572.692522,69.920,70.080
8096.584887,6589.186158,69.918,70.082
8077.809483,6605.679724,69.915,70.085
8059.034022,6622.173220,69.913,70.087
8040.258507,6638.666648,69.910,70.090
8021.482939,6655.160010,69.908,70.092
8002.707318,6671.653307,69.906,70.094
7983.931646,6688.146540,69.903,70.097
7965.155925,6704.639712,69.901,70.099
7946.380154,6721.132824,69.898,70.102
7927.604336,6737.625877,69.896,70.104
7908.828472,6754.118873,69.894,70.106
7890.052562,6770.611814,69.891,70.109
7871.276609,6787.104700,69.889,70.111
7852.500613,6803.597534,69.886,70.114
7833.724575,6820.090317,69.884,70.116
7814.948497,6836.583050,69.882,70.118
7796.172380,6853.075735,69.879,70.121
7777.396225,6869.568374,69.877,70.123
7758.620034,6886.060968,69.874,70.126
7739.843806,6902.553519,69.872,70.128
7721.067545,6919.046028,69.869,70.131
7702.291250,6935.538496,69.867,70.133
7683.514924,6952.030926,69.865,70.135
7664.738566,6968.523318,69.862,70.138
7645.962179,6985.015675,69.860,70.140
7627.185764,7001.507997,69.857,70.143
7608.409322,7018.000287,69.855,70.145
7589.632854,7034.492546,69.853,70.147
7570.856361,7050.984775,69.850,70.150
7552.079844,7067.476976,69.848,70.152
7533.303306,7083.969150,69.845,70.155
7514.526746,7100.461300,69.843,70.157
7495.750166,7116.953426,69.841,70.159
7476.973567,7133.445530,69.838,70.162
7458.196951,7149.937613,69.836,70.164
7439.420319,7166.429678,69.833,70.167
7420.643671,7182.921725,69.831,70.169
7401.867010,7199.413757,69.829,70.171
7383.090335,7215.905774,69.826,70.174
7364.313649,7232.397778,69.824,70.176
7345.536953,7248.889771,69.821,70.179
7326.760248,7265.381755,69.819,70.181
7307.983535,7281.873730,69.817,70.183
7289.206815,7298.365699,69.814,70.186
7270.430089,7314.857662,69.812,70.188
7251.653360,7331.349622,69.809,70.191
7232.876627,7347.841580,69.807,70.193
7214.099892,7364.333537,69.805,70.195
7195.323156,7380.825495,69.802,70.198
7176.546421,7397.317456,69.800,70.200
7157.769687,7413.809420,69.797,70.203
7138.992957,7430.301391,69.795,70.205
7120.216230,7446.793368,69.793,70.207
7101.439508,7463.285354,69.790,70.210
7082.662794,7479.777350,69.788,70.212
7063.886086,7496.269358,69.785,70.215
7045.109388,7512.761380,69.783,70.217
7026.332699,7529.253415,69.780,70.220
7007.556022,7545.745468,69.778,70.222
6988.779358,7562.237538,69.776,70.224
6970.002707,7578.729627,69.773,70.227
6951.226070,7595.221737,69.771,70.229
6932.449450,7611.713870,69.768,70.232
6913.672847,7628.206026,69.766,70.234
6894.896263,7644.698208,69.764,70.236
6876.119698,7661.190417,69.761,70.239
6857.343154,7677.682655,69.759,70.241
6838.566632,7694.174923,69.756,70.244
6819.790133,7710.667222,69.754,70.246
6801.013659,7727.159554,69.752,70.248
6782.237210,7743.651920,69.749,70.251
6763.460785,7760.144319,69.747,70.253
6744.684384,7776.636750,69.744,70.256
6725.908006,7793.129211,69.742,70.258
6707.131649,7809.621701,69.740,70.260
6688.355312,7826.114219,69.737,70.263
6669.578996,7842.606763,69.735,70.265
6650.802698,7859.099331,69.732,70.268
6632.026417,7875.591923,69.730,70.270
6613.250154,7892.084537,69.728,70.272
6594.473906,7908.577172,69.725,70.275
6575.697674,7925.069826,69.723,70.277
6556.921455,7941.562499,69.720,70.280
6538.145249,7958.055187,69.718,70.282
6519.369055,7974.547892,69.716,70.284
6500.592872,7991.040610,69.713,70.287
6481.816700,8007.533340,69.711,70.289
6463.040536,8024.026082,69.708,70.292
6444.264381,8040.518834,69.706,70.294
6425.488233,8057.011594,69.704,70.296
6406.712091,8073.504362,69.701,70.299
6387.935954,8089.997135,69.699,70.301
6369.159822,8106.489912,69.696,70.304
6350.383693,8122.982693,69.694,70.306
6331.607567,8139.475475,69.691,70.309
6312.831442,8155.968258,69.689,70.311
6294.055317,8172.461040,69.687,70.313
6275.279193,8188.953819,69.684,70.316
6256.503066,8205.446595,69.682,70.318
6237.726938,8221.939365,69.679,70.321
6218.950806,8238.432129,69.677,70.323
6200.174670,8254.924885,69.675,70.325
6181.398528,8271.417632,69.672,70.328
6162.622381,8287.910368,69.670,70.330
6143.846226,8304.403093,69.667,70.333
6125.070064,8320.895804,69.665,70.335
6106.293892,8337.388501,69.663,70.337
6087.517710,8353.881181,69.660,70.340
6068.741517,8370.373845,69.658,70.342
6049.965312,8386.866489,69.655,70.345
6031.189095,8403.359114,69.653,70.347
6012.412863,8419.851717,69.651,70.349
5993.636617,8436.344297,69.648,70.352
5974.860355,8452.836854,69.646,70.354
5956.084076,8469.329384,69.643,70.357
5937.307780,8485.821888,69.641,70.359
5918.531465,8502.314364,69.639,70.361
5899.755131,8518.806810,69.636,70.364
5880.978775,8535.299225,69.634,70.366
5862.202399,8551.791608,69.631,70.369
5843.426000,8568.283957,69.629,70.371
5824.649577,8584.776271,69.627,70.373
5805.873131,8601.268549,69.624,70.376
5787.096658,8617.760789,69.622,70.378
5768.320160,8634.252989,69.619,70.381
5749.543634,8650.745150,69.617,70.383
5730.767080,8667.237268,69.615,70.385
5711.990497,8683.729344,69.612,70.388
5693.213884,8700.221375,69.610,70.390
5674.437240,8716.713360,69.607,70.393
5655.660564,8733.205297,69.605,70.395
5636.883855,8749.697186,69.602,70.398
5618.107111,8766.189026,69.600,70.400
5599.330333,8782.680813,69.598,70.402
5580.553519,8799.172548,69.595,70.405
5561.776669,8815.664229,69.593,70.407
5542.999780,8832.155855,69.590,70.410
5524.222853,8848.647424,69.588,70.412
5505.445886,8865.138935,69.586,70.414
5486.668878,8881.630386,69.583,70.417
5467.891829,8898.121776,69.581,70.419
5449.114738,8914.613104,69.578,70.422
5430.337603,8931.104370,69.576,70.424
5411.560432,8947.595582,69.574,70.426
5392.783234,8964.086758,69.571,70.429
5374.006021,8980.577912,69.569,70.431
5355.228803,8997.069062,69.566,70.434
5336.451591,9013.560224,69.564,70.436
5317.674394,9030.051413,69.562,70.438
5298.897224,9046.542645,69.559,70.441
5280.120091,9063.033937,69.557,70.443
5261.343006,9079.525306,69.554,70.446
5242.565978,9096.016766,69.552,70.448
5223.789020,9112.508334,69.550,70.450
5205.012140,9129.000027,69.547,70.453
5186.235351,9145.491860,69.545,70.455
5167.458661,9161.983849,69.542,70.458
5148.682083,9178.476011,69.540,70.460
5129.905625,9194.968362,69.538,70.462
5111.129300,9211.460918,69.535,70.465
5092.353117,9227.953694,69.533,70.467
5073.577087,9244.446708,69.530,70.470
5054.801220,9260.939975,69.528,70.472
5036.025528,9277.433511,69.526,70.474
5017.250020,9293.927333,69.523,70.477
4998.474707,9310.421456,69.521,70.479
4979.699599,9326.915897,69.518,70.482
4960.924708,9343.410672,69.516,70.484
4942.150043,9359.905796,69.513,70.487
4923.375616,9376.401287,69.511,70.489
4904.601436,9392.897160,69.509,70.491
4885.827515,9409.393431,69.506,70.494
4867.053862,9425.890116,69.504,70.496
4848.280489,9442.387232,69.501,70.499
4829.507405,9458.884795,69.499,70.501
4810.734622,9475.382820,69.497,70.503
4791.962150,9491.881324,69.494,70.506
4773.189999,9508.380324,69.492,70.508
4754.418167,9524.879813,69.489,70.511
4735.646273,9541.379221,69.487,70.513
4716.873528,9557.877357,69.485,70.515
4698.099122,9574.373000,69.482,70.518
4679.322244,9590.864928,69.480,70.520
4660.542084,9607.351920,69.477,70.523
4641.757830,9623.832752,69.475,70.525
4622.968673,9640.306205,69.473,70.527
4604.173802,9656.771056,69.470,70.530
4585.372430,9673.226116,69.468,70.532
4566.566294,9689.673749,69.465,70.535
4547.761860,9706.122970,69.463,70.537
4528.966114,9722.583525,69.461,70.539
4510.186043,9739.065164,69.458,70.542
4491.428634,9755.577634,69.456,70.544
4472.700872,9772.130682,69.453,70.547
4454.009744,9788.734056,69.451,70.549
4435.362236,9805.397504,69.449,70.551
4416.766110,9822.131452,69.449,70.551
4398.314324,9839.021024,69.514,70.486
4380.260918,9856.292569,69.876,70.124
4362.877835,9874.188135,70.187,69.813
4346.437021,9892.949771,70.372,69.628
4331.220534,9912.805605,69.737,70.263
4317.631648,9933.816909,69.391,70.609
4306.153618,9955.934858,69.425,70.575
4297.271115,9979.108677,69.398,70.602
4291.462936,10003.285713,69.723,70.277
4288.546803,10028.201465,70.205,69.795
4287.331606,10053.285157,69.672,70.328
4287.341991,10078.277418,69.334,70.666
4288.375068,10103.170714,69.535,70.465
4290.261180,10128.024587,69.800,70.200
4292.793132,10152.865308,70.130,69.870
4295.738751,10177.696964,70.269,69.731
4298.865412,10202.523242,70.257,69.743
4301.941383,10227.347812,70.245,69.755
4304.838010,10252.172683,70.234,69.766
4307.624496,10276.996672,70.222,69.778
4310.392450,10301.818234,70.210,69.790
4313.233484,10326.635823,70.198,69.802
4316.226437,10351.448491,70.186,69.814
4319.293889,10376.262614,70.174,69.826
4322.253764,10401.089465,70.162,69.838
4324.922061,10425.940412,70.150,69.850
4327.114789,10450.826821,70.192,69.808
4328.706174,10475.755485,70.242,69.758
4329.770366,10500.717502,70.257,69.743
4330.424393,10525.700599,70.269,69.731
4330.785283,10550.692507,70.330,69.670
4330.963842,10575.681173,70.443,69.557
4330.887072,10600.660944,70.556,69.444
4330.273122,10625.633397,70.669,69.331
4328.938124,10650.590390,70.634,69.366
4326.911523,10675.504062,70.447,69.553
4324.239645,10700.348171,70.260,69.740
4320.942000,10725.109955,70.250,69.750
4317.032296,10749.779573,70.296,69.704
4312.524238,10774.347185,70.342,69.658
4307.431534,10798.802947,70.261,69.739
4301.767891,10823.137019,70.181,69.819
4295.547016,10847.339558,70.366,69.634
4288.782616,10871.400724,70.584,69.416
4281.488397,10895.310673,70.379,69.621
4273.665946,10919.053973,70.121,69.879
4265.274491,10942.595646,69.902,70.098
4256.264010,10965.896444,70.290,69.710
4246.584481,10988.917124,70.677,69.323
4236.191196,11011.621084,70.685,69.315
4225.201262,11034.052335,70.367,69.633
4213.917870,11056.347592,70.048,69.952
4202.474110,11078.560173,70.050,69.950
4190.645406,11100.567885,70.334,69.666
4178.216403,11122.249310,70.619,69.381
4165.152665,11143.558593,70.580,69.420
4151.459615,11164.466527,70.421,69.579
4137.142676,11184.943906,70.242,69.758
4122.207977,11204.962360,70.035,69.965
4106.683432,11224.519363,69.970,70.030
4090.622399,11243.642568,70.265,69.735
4074.079675,11262.361337,70.499,69.501
4057.110055,11280.705033,70.336,69.664
4039.764365,11298.700165,70.112,69.888
4022.067502,11316.354640,69.978,70.022
4004.033960,11333.668895,69.934,70.066
3985.678205,11350.643350,70.170,69.830
3967.014702,11367.278423,70.269,69.731
3948.057916,11383.574532,70.242,69.758
3928.822315,11399.532097,70.214,69.786
3909.322363,11415.151535,70.228,69.772
3889.572526,11430.433266,70.350,69.650
3869.594856,11445.392267,70.472,69.528
3849.461418,11460.139487,70.328,69.672
3829.264522,11474.824730,69.973,70.027
3809.096537,11489.597907,69.644,70.356
3789.050356,11504.609158,69.696,70.304
3769.293480,11520.040720,69.761,70.239
3750.144667,11536.139898,69.885,70.115
3731.940970,11553.161873,69.737,70.263
3715.019445,11571.361824,69.778,70.222
3699.657340,11590.937710,69.955,70.045
3685.733972,11611.706754,69.026,70.974
3672.976934,11633.335378,69.833,70.167
3661.459834,11655.639164,70.398,69.602
3651.667273,11678.611694,69.904,70.096
3643.823959,11702.211114,69.414,70.586
3637.574983,11726.301982,69.313,70.687
3632.494767,11750.737448,69.466,70.534
3628.157733,11775.370659,69.497,70.503
3624.176410,11800.068543,69.528,70.472
3620.418554,11824.790331,69.559,70.441
3616.856742,11849.533158,69.590,70.410
3613.463874,11874.294279,69.621,70.379
3610.212847,11899.070946,69.627,70.373
3607.076559,11923.860413,69.626,70.374
3604.027910,11948.659933,69.624,70.376
3601.039797,11973.466759,69.622,70.378
3598.085119,11998.278144,69.620,70.380
3595.137899,12023.091449,69.619,70.381
3592.187280,12047.905481,69.617,70.383
3589.233225,12072.720083,69.615,70.385
3586.275930,12097.535119,69.613,70.387
3583.315593,12122.350455,69.611,70.389
3580.352410,12147.165954,69.610,70.390
3577.386579,12171.981482,69.608,70.392
3574.418296,12196.796904,69.606,70.394
3571.447758,12221.612084,69.604,70.396
3568.475164,12246.426894,69.602,70.398
3565.500719,12271.241301,69.601,70.399
3562.524637,12296.055342,69.599,70.401
3559.547130,12320.869053,69.597,70.403
3556.568413,12345.682472,69.595,70.405
3553.588698,12370.495636,69.594,70.406
3550.608198,12395.308582,69.592,70.408
3547.627128,12420.121349,69.590,70.410
3544.645699,12444.933973,69.588,70.412
3541.664125,12469.746491,69.586,70.414
3538.682619,12494.558942,69.585,70.415
3535.701395,12519.371362,69.583,70.417
3532.720666,12544.183790,69.581,70.419
3529.740645,12568.996261,69.579,70.421
3526.761545,12593.808815,69.577,70.423
3523.783579,12618.621487,69.576,70.424
3520.806961,12643.434316,69.574,70.426
3517.831903,12668.247338,69.572,70.428
3514.858605,12693.060590,69.570,70.430
3511.887060,12717.874074,69.569,70.431
3508.917110,12742.687772,69.567,70.433
3505.948595,12767.501664,69.565,70.435
3502.981354,12792.315730,69.563,70.437
3500.015226,12817.129951,69.561,70.439
3497.050052,12841.944306,69.560,70.440
3494.085671,12866.758777,69.558,70.442
3491.121921,12891.573343,69.556,70.444
3488.158642,12916.387985,69.554,70.446
3485.195674,12941.202683,69.552,70.448
3482.232855,12966.017418,69.551,70.449
3479.270026,12990.832169,69.549,70.451
3476.307026,13015.646918,69.547,70.453
3473.343694,13040.461643,69.545,70.455
3470.379869,13065.276327,69.543,70.457
3467.415391,13090.090948,69.542,70.458
3464.450099,13114.905488,69.540,70.460
3461.483833,13139.719926,69.538,70.462
3458.516432,13164.534243,69.536,70.464
3455.547735,13189.348419,69.535,70.465
3452.577582,13214.162435,69.533,70.467
3449.605812,13238.976271,69.531,70.469
3446.632265,13263.789907,69.529,70.471
3443.656779,13288.603324,69.527,70.473
3440.679194,13313.416501,69.526,70.474
3437.699351,13338.229419,69.524,70.476
3434.717087,13363.042059,69.522,70.478
3431.732242,13387.854400,69.520,70.480
3428.744656,13412.666424,69.518,70.482
3425.754169,13437.478109,69.517,70.483
3422.760619,13462.289438,69.515,70.485
3419.763846,13487.100389,69.513,70.487
3416.763689,13511.910944,69.511,70.489
3413.759987,13536.721082,69.510,70.490
3410.752581,13561.530784,69.508,70.492
3407.741383,13586.340039,69.506,70.494
3404.729079,13611.149145,69.504,70.496
3401.721910,13635.958799,69.502,70.498
3398.726352,13660.769724,69.501,70.499
3395.748879,13685.582644,69.499,70.501
3392.795966,13710.398281,69.497,70.503
3389.874087,13735.217358,69.495,70.505
3386.989718,13760.040598,69.493,70.507
3384.149331,13784.868725,69.492,70.508
3381.359386,13809.702458,69.490,70.510
3378.622776,13834.542123,69.488,70.512
3375.934478,13859.387158,69.490,70.510
3373.288409,13884.236885,69.492,70.508
3370.678482,13909.090626,69.494,70.506
3368.098611,13933.947702,69.497,70.503
3365.542712,13958.807434,69.499,70.501
3363.004697,13983.669145,69.502,70.498
3360.478483,14008.532154,69.504,70.496
3357.957990,14033.395786,69.507,70.493
3355.438844,14058.259551,69.509,70.491
3352.920485,14083.123388,69.511,70.489
3350.402870,14107.987295,69.514,70.486
3347.885958,14132.851267,69.516,70.484
3345.369708,14157.715301,69.519,70.481
3342.854077,14182.579393,69.521,70.479
3340.339025,14207.443540,69.524,70.476
3337.824509,14232.307737,69.526,70.474
3335.310487,14257.171982,69.528,70.472
3332.796919,14282.036271,69.531,70.469
3330.283762,14306.900600,69.533,70.467
3327.770975,14331.764966,69.536,70.464
3325.258515,14356.629365,69.538,70.462
3322.746342,14381.493794,69.541,70.459
3320.234414,14406.358248,69.543,70.457
3317.722689,14431.222725,69.545,70.455
3315.211125,14456.087220,69.548,70.452
3312.699680,14480.951731,69.550,70.450
3310.188323,14505.816254,69.553,70.447
3307.677043,14530.680789,69.555,70.445
3305.165831,14555.545333,69.558,70.442
3302.654679,14580.409887,69.560,70.440
3300.143580,14605.274448,69.562,70.438
3297.632525,14630.139018,69.565,70.435
3295.121506,14655.003593,69.567,70.433
3292.610516,14679.868174,69.570,70.430
3290.099546,14704.732759,69.572,70.428
3287.588589,14729.597348,69.574,70.426
3285.077636,14754.461939,69.577,70.423
3282.566679,14779.326532,69.579,70.421
3280.055711,14804.191125,69.582,70.418
3277.544723,14829.055718,69.584,70.416
3275.033708,14853.920310,69.587,70.413
3272.522656,14878.784899,69.589,70.411
3270.011562,14903.649485,69.591,70.409
3267.500415,14928.514066,69.594,70.406
3264.989209,14953.378643,69.596,70.404
3262.477935,14978.243213,69.599,70.401
3259.966585,15003.107776,69.601,70.399
3257.455152,15027.972331,69.604,70.396
3254.943627,15052.836877,69.606,70.394
3252.432002,15077.701413,69.608,70.392
3249.920270,15102.565938,69.611,70.389
3247.408422,15127.430450,69.613,70.387
3244.896450,15152.294950,69.616,70.384
3242.384346,15177.159437,69.618,70.382
3239.872103,15202.023908,69.621,70.379
3237.359712,15226.888363,69.623,70.377
3234.847165,15251.752802,69.625,70.375
3232.334454,15276.617223,69.628,70.372
3229.821572,15301.481625,69.630,70.370
3227.308510,15326.346007,69.633,70.367
3224.795260,15351.210369,69.635,70.365
3222.281814,15376.074710,69.638,70.362
3219.768168,15400.939028,69.640,70.360
3217.254326,15425.803324,69.642,70.358
3214.740298,15450.667600,69.645,70.355
3212.226094,15475.531856,69.647,70.353
3209.711723,15500.396094,69.650,70.350
3207.197192,15525.260313,69.652,70.348
3204.682513,15550.124516,69.655,70.345
3202.167694,15574.988703,69.657,70.343
3199.652744,15599.852876,69.659,70.341
3197.137672,15624.717034,69.662,70.338
3194.622488,15649.581180,69.664,70.336
3192.107200,15674.445313,69.667,70.333
3189.591818,15699.309436,69.669,70.331
3187.076351,15724.173549,69.672,70.328
3184.560809,15749.037653,69.674,70.326
3182.045199,15773.901748,69.676,70.324
3179.529532,15798.765837,69.679,70.321
3177.013817,15823.629920,69.681,70.319
3174.498062,15848.493997,69.684,70.316
3171.982277,15873.358070,69.686,70.314
3169.466472,15898.222141,69.688,70.312
3166.950654,15923.086209,69.691,70.309
3164.434834,15947.950275,69.693,70.307
3161.919021,15972.814342,69.696,70.304
3159.403223,15997.678409,69.698,70.302
3156.887450,16022.542478,69.701,70.299
3154.371711,16047.406549,69.703,70.297
3151.856016,16072.270625,69.705,70.295
3149.340373,16097.134704,69.708,70.292
3146.824791,16121.998790,69.710,70.290
3144.309280,16146.862882,69.713,70.287
3141.793849,16171.726981,69.715,70.285
3139.278507,16196.591089,69.718,70.282
3136.763263,16221.455206,69.720,70.280
3134.248127,16246.319334,69.722,70.278
3131.733107,16271.183473,69.725,70.275
3129.218213,16296.047624,69.727,70.273
3126.703453,16320.911789,69.730,70.270
3124.188838,16345.775968,69.732,70.268
3121.674376,16370.640163,69.735,70.265
3119.160076,16395.504374,69.737,70.263
3116.645947,16420.368602,69.739,70.261
3114.131999,16445.232848,69.742,70.258
3111.618241,16470.097113,69.744,70.256
3109.104682,16494.961398,69.747,70.253
3106.591331,16519.825705,69.749,70.251
3104.078198,16544.690033,69.752,70.248
3101.565291,16569.554385,69.754,70.246
3099.052619,16594.418761,69.756,70.244
3096.540192,16619.283161,69.759,70.241
3094.028019,16644.147588,69.761,70.239
3091.516110,16669.012041,69.764,70.236
3089.004472,16693.876523,69.766,70.234
3086.493116,16718.741033,69.769,70.231
3083.982051,16743.605573,69.771,70.229
3081.471285,16768.470144,69.773,70.227
3078.960828,16793.334747,69.776,70.224
3076.450690,16818.199383,69.778,70.222
3073.940878,16843.064052,69.781,70.219
3071.431403,16867.928756,69.783,70.217
3068.922273,16892.793496,69.786,70.214
3066.413498,16917.658272,69.788,70.212
3063.905088,16942.523086,69.790,70.210
3061.397050,16967.387938,69.793,70.207
3058.889394,16992.252830,69.795,70.205
3056.382130,17017.117763,69.798,70.202
3053.875266,17041.982737,69.800,70.200
3051.368812,17066.847753,69.802,70.198
3048.862776,17091.712813,69.805,70.195
3046.357169,17116.577918,69.807,70.193
3043.851999,17141.443067,69.810,70.190
3041.347275,17166.308264,69.812,70.188
3038.843006,17191.173507,69.815,70.185
3036.339194,17216.038798,69.817,70.183
3033.835833,17240.904135,69.819,70.181
3031.332917,17265.769519,69.822,70.178
3028.830441,17290.634949,69.824,70.176
3026.328400,17315.500424,69.827,70.173
3023.826788,17340.365943,69.829,70.171
3021.325600,17365.231506,69.832,70.168
3018.824829,17390.097112,69.834,70.166
3016.324471,17414.962761,69.836,70.164
3013.824521,17439.828452,69.837,70.163
3011.324971,17464.694185,69.837,70.163
3008.825818,17489.559959,69.837,70.163
3006.327056,17514.425773,69.837,70.163
3003.828679,17539.291627,69.836,70.164
3001.330681,17564.157520,69.836,70.164
2998.833057,17589.023451,69.836,70.164
2996.335802,17613.889421,69.836,70.164
2993.838910,17638.755428,69.835,70.165
2991.342376,17663.621471,69.835,70.165
2988.846194,17688.487551,69.835,70.165
2986.350359,17713.353667,69.835,70.165
2983.854864,17738.219818,69.835,70.165
2981.359706,17763.086003,69.834,70.166
2978.864877,17787.952222,69.834,70.166
2976.370373,17812.818474,69.834,70.166
2973.876189,17837.684759,69.834,70.166
2971.382317,17862.551077,69.833,70.167
2968.888755,17887.417425,69.833,70.167
2966.395494,17912.283805,69.833,70.167
2963.902531,17937.150215,69.833,70.167
2961.409860,17962.016654,69.833,70.167
2958.917475,17986.883123,69.832,70.168
2956.425370,18011.749621,69.832,70.168
2953.933541,18036.616146,69.832,70.168
2951.441981,18061.482699,69.832,70.168
2948.950686,18086.349278,69.832,70.168
2946.459649,18111.215884,69.831,70.169
2943.968866,18136.082515,69.831,70.169
2941.478330,18160.949172,69.831,70.169
2938.988037,18185.815853,69.831,70.169
2936.497980,18210.682557,69.830,70.170
2934.008154,18235.549285,69.830,70.170
2931.518554,18260.416036,69.830,70.170
2929.029175,18285.282809,69.830,70.170
2926.540010,18310.149603,69.830,70.170
2924.051054,18335.016418,69.829,70.171
2921.562302,18359.883253,69.829,70.171
2919.073749,18384.750108,69.829,70.171
2916.585388,18409.616983,69.829,70.171
2914.097214,18434.483875,69.828,70.172
2911.609222,18459.350786,69.828,70.172
2909.121407,18484.217714,69.828,70.172
2906.633762,18509.084659,69.828,70.172
2904.146282,18533.951620,69.828,70.172
2901.658963,18558.818597,69.827,70.173
2899.171797,18583.685589,69.827,70.173
2896.684780,18608.552595,69.827,70.173
2894.197907,18633.419615,69.827,70.173
2891.711172,18658.286648,69.826,70.174
2889.224568,18683.153694,69.826,70.174
2886.738092,18708.020752,69.826,70.174
2884.251737,18732.887821,69.826,70.174
2881.765497,18757.754901,69.826,70.174
2879.279368,18782.621992,69.825,70.175
2876.793344,18807.489092,69.825,70.175
2874.307419,18832.356202,69.825,70.175
2871.821588,18857.223319,69.825,70.175
2869.335846,18882.090445,69.825,70.175
2866.850186,18906.957578,69.824,70.176
2864.364604,18931.824718,69.824,70.176
2861.879093,18956.691864,69.824,70.176
2859.393649,18981.559016,69.824,70.176
2856.908265,19006.426173,69.823,70.177
2854.422937,19031.293334,69.823,70.177
2851.937659,19056.160498,69.823,70.177
2849.452425,19081.027666,69.823,70.177
2846.967231,19105.894837,69.823,70.177
2844.482069,19130.762010,69.822,70.178
2841.996935,19155.629184,69.822,70.178
2839.511824,19180.496359,69.822,70.178
2837.026730,19205.363534,69.822,70.178
2834.541647,19230.230709,69.821,70.179
2832.056570,19255.097883,69.821,70.179
2829.571493,19279.965056,69.821,70.179
2827.086412,19304.832226,69.821,70.179
2824.601319,19329.699394,69.821,70.179
2822.116211,19354.566558,69.820,70.180
2819.631081,19379.433719,69.820,70.180
2817.145924,19404.300875,69.820,70.180
2814.660735,19429.168026,69.820,70.180
2812.175507,19454.035172,69.820,70.180
2809.690236,19478.902311,69.819,70.181
2807.204916,19503.769444,69.819,70.181
2804.719541,19528.636569,69.819,70.181
2802.234106,19553.503686,69.819,70.181
2799.748606,19578.370794,69.818,70.182
2797.263034,19603.237894,69.818,70.182
2794.777386,19628.104983,69.818,70.182
2792.291657,19652.972063,69.818,70.182
2789.805839,19677.839131,69.818,70.182
2787.319929,19702.706188,69.817,70.183
2784.833920,19727.573232,69.817,70.183
2782.347807,19752.440264,69.817,70.183
2779.861584,19777.307283,69.817,70.183
2777.375247,19802.174288,69.816,70.184
2774.888789,19827.041278,69.816,70.184
2772.402205,19851.908254,69.816,70.184
2769.915489,19876.775213,69.816,70.184
2767.428637,19901.642157,69.816,70.184
2764.941642,19926.509083,69.815,70.185
2762.454499,19951.375992,69.815,70.185
2759.967203,19976.242884,69.815,70.185
2757.479748,20001.109756,69.815,70.185
2754.992128,20025.976609,69.814,70.186
2752.504338,20050.843443,69.814,70.186
2750.016373,20075.710256,69.814,70.186
2747.528227,20100.577049,69.814,70.186
2745.039894,20125.443819,69.814,70.186
2742.551370,20150.310568,69.813,70.187
2740.062648,20175.177294,69.813,70.187
2737.573723,20200.043996,69.813,70.187
2735.084590,20224.910675,69.813,70.187
2732.595242,20249.777329,69.813,70.187
2730.105676,20274.643958,69.812,70.188
2727.615884,20299.510561,69.812,70.188
2725.125862,20324.377138,69.812,70.188
2722.635604,20349.243689,69.812,70.188
2720.145105,20374.110212,69.811,70.189
2717.654359,20398.976706,69.811,70.189
2715.163361,20423.843173,69.811,70.189
2712.672104,20448.709609,69.811,70.189
2710.180584,20473.576017,69.811,70.189
2707.688796,20498.442393,69.810,70.190
2705.196733,20523.308739,69.810,70.190
2702.704390,20548.175053,69.810,70.190
2700.211762,20573.041335,69.810,70.190
2697.718842,20597.907585,69.809,70.191
2695.225627,20622.773801,69.809,70.191
2692.732110,20647.639983,69.809,70.191
2690.238285,20672.506130,69.809,70.191
2687.744147,20697.372243,69.809,70.191
2685.249692,20722.238320,69.808,70.192
2682.754912,20747.104360,69.808,70.192
2680.259803,20771.970364,69.808,70.192
2677.764384,20796.836334,69.808,70.192
2675.268926,20821.702314,69.808,70.192
2672.773849,20846.568372,69.807,70.193
2670.279576,20871.434576,69.807,70.193
2667.786527,20896.300994,69.807,70.193
2665.295127,20921.167693,69.807,70.193
2662.805795,20946.034742,69.806,70.194
2660.318954,20970.902208,69.806,70.194
2657.835027,20995.770159,69.806,70.194
2655.354434,21020.638663,69.806,70.194
2652.877598,21045.507789,69.806,70.194
2650.404942,21070.377603,69.805,70.195
2647.936886,21095.248175,69.805,70.195
2645.473853,21120.119571,69.805,70.195
2643.016264,21144.991860,69.805,70.195
2640.564543,21169.865109,69.804,70.196
2638.119110,21194.739387,69.804,70.196
2635.680387,21219.614762,69.804,70.196
2633.245995,21244.490920,69.820,70.180
2630.747452,21269.358589,69.897,70.103
2628.049241,21294.199405,69.974,70.026
2625.012858,21318.994599,70.051,69.949
2621.499801,21343.725404,70.470,69.530
2617.370352,21368.366778,70.813,69.187
2612.478084,21392.859019,70.606,69.394
2606.674271,21417.130517,70.402,69.598
2599.810180,21441.109653,70.206,69.794
2591.742832,21464.726012,69.984,70.016
2582.466898,21487.938035,69.883,70.117
2572.117746,21510.733658,70.237,69.763
2560.837108,21533.102149,70.116,69.884
2548.766714,21555.032776,69.964,70.036
2536.040042,21576.523661,70.309,69.691
2522.744561,21597.622259,70.574,69.426
2508.951812,21618.393113,70.514,69.486
2494.733317,21638.900780,70.455,69.545
2480.157140,21659.205963,70.079,69.921
2465.207414,21679.275766,69.677,70.323
2449.781847,21698.980913,69.890,70.110
2433.774188,21718.187715,70.197,69.803
2417.078184,21736.762481,70.513,69.487
2399.609432,21754.591815,70.829,69.171
2381.406410,21771.676483,70.514,69.486
2362.550527,21788.057125,70.129,69.871
2343.123233,21803.774426,70.147,69.853
2323.205741,21818.868908,70.165,69.835
2302.858445,21833.366930,70.328,69.672
2282.105078,21847.269907,70.454,69.546
2260.965641,21860.576719,70.099,69.901
2239.460135,21873.286245,69.870,70.130
2217.608562,21885.397365,69.833,70.167
2195.430924,21896.908957,70.007,69.993
2172.947223,21907.819900,70.209,69.791
2150.177460,21918.129073,70.434,69.566
2127.141619,21927.835296,70.625,69.375
2103.858071,21936.932073,70.395,69.605
2080.342322,21945.403467,70.165,69.835
2056.609586,21953.232569,70.128,69.872
2032.675073,21960.402473,70.352,69.648
2008.553998,21966.896270,70.575,69.425
1984.261571,21972.697054,70.295,69.705
1959.813006,21977.787916,69.969,70.031
1935.223515,21982.151949,70.286,69.714
1910.508356,21985.772132,70.054,69.946
1885.687016,21988.621004,69.751,70.249
1860.786553,21990.652410,70.495,69.505
1835.834811,21991.818255,70.640,69.360
1810.859636,21992.070442,70.216,69.784
1785.889020,21991.366164,69.916,70.084
1760.952622,21989.721599,69.687,70.313
1736.081139,21987.189824,69.621,70.379
1711.305286,21983.824480,70.216,69.784
1686.655650,21979.679267,70.458,69.542
1662.150992,21974.813487,70.326,69.674
1637.788731,21969.296550,70.288,69.712
1613.564044,21963.198925,70.035,69.965
1589.472109,21956.591082,69.836,70.164
1565.507531,21949.542564,70.094,69.906
1541.658460,21942.112462,70.173,69.827
1517.908976,21934.353276,70.109,69.891
1494.243096,21926.317405,70.190,69.810
1470.644838,21918.057237,70.289,69.711
1447.110754,21909.596684,70.387,69.613
1423.677620,21900.868219,70.268,69.732
1400.390274,21891.786001,70.088,69.912
1377.293554,21882.264187,69.909,70.091
1354.431241,21872.219288,70.226,69.774
1331.819362,21861.629715,70.658,69.342
1309.444088,21850.540466,70.466,69.534
1287.290115,21838.999825,70.119,69.881
1265.342142,21827.056077,70.018,69.982
1243.589745,21814.748039,70.065,69.935
1222.038311,21802.083867,70.115,69.885
1200.696421,21789.065519,70.169,69.831
1179.572658,21775.694952,70.169,69.831
1158.675602,21761.974124,70.123,69.877
1138.013836,21747.904993,70.094,69.906
1117.595940,21733.489516,70.070,69.930
1097.430498,21718.729651,70.106,69.894
1077.526089,21703.627355,70.196,69.804
1057.888947,21688.186463,70.107,69.893
1038.517627,21672.416940,70.027,69.973
1019.409117,21656.330003,70.037,69.963
1000.560405,21639.936870,70.100,69.900
981.968480,21623.248758,70.344,69.656
963.630328,21606.276884,70.587,69.413
945.542938,21589.032465,70.554,69.446
927.703298,21571.526720,70.277,69.723
910.108398,21553.770865,70.000,70.000
892.758275,21535.773432,69.986,70.014
875.663039,21517.534093,70.154,69.846
858.834874,21499.050697,70.323,69.677
842.285961,21480.321091,70.330,69.670
826.028485,21461.343123,70.303,69.697
810.074628,21442.114639,70.276,69.724
794.436573,21422.633488,70.311,69.689
779.126503,21402.897516,70.396,69.604
764.156602,21382.904572,70.481,69.519
749.530879,21362.657776,70.505,69.495
735.203532,21342.192383,70.419,69.581
721.109995,21321.555756,70.333,69.667
707.185667,21300.795279,70.247,69.753
693.366346,21279.958080,70.167,69.833
679.631881,21259.063022,70.103,69.897
666.045453,21238.075504,70.038,69.962
652.679513,21216.954973,69.971,70.029
639.606511,21195.660881,69.935,70.065
626.889941,21174.158220,69.970,70.030
614.538161,21152.446115,70.184,69.816
602.538573,21130.536660,70.488,69.512
590.878538,21108.441978,70.251,69.749
579.545417,21086.174188,69.925,70.075
568.526571,21063.745412,69.987,70.013
557.809362,21041.167771,70.066,69.934
547.381150,21018.453385,70.303,69.697
537.229296,20995.614376,70.484,69.516
527.341881,20972.662079,70.137,69.863
517.711454,20949.602952,69.791,70.209
508.332279,20926.441581,69.776,70.224
499.198624,20903.182549,70.105,69.895
490.304756,20879.830437,70.288,69.712
481.644943,20856.389828,70.159,69.841
473.213451,20832.865304,70.065,69.935
465.004548,20809.261448,70.065,69.935
457.012501,20785.582842,70.077,69.923
449.234965,20761.833048,70.171,69.829
441.690842,20738.009228,70.264,69.736
434.407262,20714.106062,70.134,69.866
427.411374,20690.118230,69.977,70.023
420.729629,20666.040588,70.010,69.990
414.304540,20641.889780,70.100,69.900
407.915634,20617.724751,70.194,69.806
401.379154,20593.595380,70.293,69.707
394.861980,20569.463474,70.392,69.608
388.652408,20545.260228,70.490,69.510
382.849234,20520.962989,70.589,69.411
377.422700,20496.580416,70.437,69.563
372.340612,20472.121758,70.244,69.756
367.570778,20447.596268,70.050,69.950
363.081006,20423.013195,70.055,69.945
358.839104,20398.381790,70.112,69.888
354.812879,20373.711305,70.169,69.831
350.970139,20349.010989,70.181,69.819
347.280187,20324.289679,70.180,69.820
343.731125,20299.550977,70.179,69.821
340.323899,20274.794914,70.182,69.818
337.059701,20250.021452,70.232,69.768
333.939724,20225.230554,70.283,69.717
330.965161,20200.422179,70.334,69.666
328.137204,20175.596291,70.385,69.615
325.457047,20150.752851,70.413,69.587
322.925883,20125.891821,70.430,69.570
320.545999,20101.013212,70.447,69.553
318.333624,20076.117669,70.463,69.537
316.314591,20051.206275,70.480,69.520
314.514921,20026.280118,70.497,69.503
312.960635,20001.340290,70.468,69.532
311.655750,19976.388313,70.432,69.568
310.526303,19951.427243,70.396,69.604
309.481066,19926.460477,70.360,69.640
308.428811,19901.491410,70.325,69.675
307.297985,19876.523015,70.289,69.711
306.270486,19851.552831,70.253,69.747
305.702586,19826.574646,70.183,69.817
305.720658,19801.586148,70.082,69.918
305.982515,19776.593001,69.982,70.018
306.166186,19751.600556,69.882,70.118
306.222428,19726.609635,69.782,70.218
306.162964,19701.620047,69.682,70.318
305.999516,19676.631602,69.582,70.418
305.743787,19651.644112,69.507,70.493
305.406827,19626.657425,69.532,70.468
304.998915,19601.671437,69.557,70.443
304.530286,19576.686048,69.582,70.418
304.011174,19551.701156,69.608,70.392
303.451815,19526.716659,69.633,70.367
302.862442,19501.732456,69.658,70.342
302.253291,19476.748445,69.683,70.317
301.634596,19451.764525,69.708,70.292
301.016447,19426.780596,69.733,70.267
300.404250,19401.796604,69.758,70.242
299.797820,19376.812554,69.783,70.217
299.196647,19351.828449,69.808,70.192
298.600219,19326.844298,69.833,70.167
298.008024,19301.860105,69.858,70.142
297.419553,19276.875877,69.883,70.117
296.834292,19251.891620,69.908,70.092
296.251732,19226.907341,69.934,70.066
295.671360,19201.923044,69.959,70.041
295.092665,19176.938737,69.984,70.016
294.515137,19151.954426,70.009,69.991
293.938263,19126.970115,70.034,69.966
293.361532,19101.985813,70.059,69.941
292.784434,19077.001524,70.084,69.916
292.206456,19052.017255,70.109,69.891
291.627088,19027.033012,70.134,69.866
291.045818,19002.048801,70.159,69.841
290.462174,18977.064627,70.184,69.816
289.876992,18952.080476,70.209,69.791
289.292697,18927.096308,70.235,69.765
288.711808,18902.112082,70.260,69.740
288.136846,18877.127757,70.285,69.715
287.570331,18852.143292,70.310,69.690
287.014783,18827.158646,70.335,69.665
286.472721,18802.173778,70.360,69.640
285.946666,18777.188647,70.385,69.615
285.439137,18752.203211,70.410,69.590
284.952655,18727.217431,70.435,69.565
284.489740,18702.231264,70.460,69.540
284.052911,18677.244670,70.475,69.525
283.644689,18652.257607,70.467,69.533
283.267594,18627.270035,70.460,69.540
282.924146,18602.281913,70.452,69.548
282.616864,18577.293199,70.445,69.555
282.348268,18552.303853,70.437,69.563
282.120859,18527.313834,70.430,69.570
281.933679,18502.323164,70.422,69.578
281.778469,18477.332000,70.414,69.586
281.646040,18452.340514,70.407,69.593
281.527204,18427.348879,70.399,69.601
281.412772,18402.357269,70.392,69.608
281.293557,18377.365856,70.384,69.616
281.160370,18352.374814,70.377,69.623
281.004023,18327.384316,70.369,69.631
280.815441,18302.394534,70.361,69.639
280.605417,18277.405541,70.354,69.646
280.427103,18252.417200,70.346,69.654
280.339094,18227.429347,70.339,69.661
280.399982,18202.441818,70.340,69.660
280.663517,18177.454456,70.342,69.658
281.114957,18152.467238,70.344,69.656
281.688826,18127.480235,70.346,69.654
282.318450,18102.493521,70.348,69.652
282.937280,18077.507171,70.350,69.650
283.501316,18052.521190,70.352,69.648
284.015082,18027.535433,70.354,69.646
284.489394,18002.549736,70.356,69.644
284.935069,17977.563936,70.358,69.642
285.362925,17952.577869,70.360,69.640
285.783779,17927.591371,70.362,69.638
286.208449,17902.604280,70.364,69.636
286.647752,17877.616431,70.366,69.634
287.112506,17852.627660,70.368,69.632
287.654128,17827.640342,70.370,69.630
288.481788,17802.666706,70.372,69.628
289.821402,17777.720125,70.370,69.630
291.587175,17752.795897,70.366,69.634
293.462897,17727.875961,70.363,69.637
295.276043,17702.950746,70.359,69.641
297.044118,17678.021900,70.355,69.645
298.796929,17653.091795,70.352,69.648
300.564281,17628.162808,70.348,69.652
302.370660,17603.236889,70.344,69.656
304.219691,17578.314344,70.341,69.659
306.109883,17553.395072,70.337,69.663
308.039744,17528.478972,70.333,69.667
310.007783,17503.565943,70.330,69.670
312.012508,17478.655886,70.330,69.670
314.052428,17453.748698,70.332,69.668
316.126052,17428.844280,70.335,69.665
318.231887,17403.942531,70.338,69.662
320.368443,17379.043351,70.340,69.660
322.534228,17354.146638,70.343,69.657
324.727750,17329.252292,70.346,69.654
326.947518,17304.360213,70.349,69.651
329.192041,17279.470300,70.351,69.649
331.459827,17254.582452,70.354,69.646
333.749385,17229.696568,70.357,69.643
336.059222,17204.812548,70.359,69.641
